Date,Close_price
2/1/2006,128.3899994
2/2/2006,126.9000015
2/3/2006,126.2699966
2/6/2006,126.5999985
2/7/2006,125.4800034
2/8/2006,126.6200027
2/9/2006,126.4100037
2/10/2006,126.6399994
2/13/2006,126.4100037
2/14/2006,127.75
2/15/2006,128.1999969
2/16/2006,129.1600037
2/17/2006,128.8099976
2/21/2006,128.4900055
2/22/2006,129.2700043
2/23/2006,129.0800018
2/24/2006,129.4100037
2/27/2006,129.4600067
2/28/2006,128.2299957
3/1/2006,129.3699951
3/2/2006,129.3600006
3/3/2006,128.7599945
3/6/2006,128.1699982
3/7/2006,127.9700012
3/8/2006,128.2400055
3/9/2006,127.3799973
3/10/2006,128.5899963
3/13/2006,128.8300018
3/14/2006,130.1799927
3/15/2006,130.7599945
3/16/2006,131.0299988
3/17/2006,130.6199951
3/20/2006,130.4100037
3/21/2006,129.5899963
3/22/2006,130.3800049
3/23/2006,130.1100006
3/24/2006,130.2100067
3/27/2006,130.0200043
3/28/2006,129.2200012
3/29/2006,130.0299988
3/30/2006,129.8000031
3/31/2006,129.8300018
4/3/2006,129.7299957
4/4/2006,130.5599976
4/5/2006,131.0099945
4/6/2006,130.8699951
4/7/2006,129.5399933
4/10/2006,129.7400055
4/11/2006,128.6399994
4/12/2006,128.8800049
4/13/2006,128.7100067
4/17/2006,128.6600037
4/18/2006,130.6999969
4/19/2006,130.9499969
4/20/2006,131.1300049
4/21/2006,131.1499939
4/24/2006,130.9100037
4/25/2006,130.3699951
4/26/2006,130.3999939
4/27/2006,131.0299988
4/28/2006,131.4700012
5/1/2006,130.3999939
5/2/2006,131.3800049
5/3/2006,130.8899994
5/4/2006,131.3600006
5/5/2006,132.5200043
5/8/2006,132.3600006
5/9/2006,132.6199951
5/10/2006,132.5500031
5/11/2006,130.9499969
5/12/2006,129.2400055
5/15/2006,129.5
5/16/2006,129.3099976
5/17/2006,126.8499985
5/18/2006,126.2099991
5/19/2006,127.0999985
5/22/2006,126.1299973
5/23/2006,125.1699982
5/24/2006,126.1699982
5/25/2006,127.7300034
5/26/2006,128.3800049
5/30/2006,126.0999985
5/31/2006,127.5100021
6/1/2006,128.7299957
6/2/2006,129
6/5/2006,127.1200027
6/6/2006,126.8099976
6/7/2006,125.8600006
6/8/2006,125.75
6/9/2006,125.3499985
6/12/2006,123.9899979
6/13/2006,122.5500031
6/14/2006,123.5
6/15/2006,126.1200027
6/16/2006,124.6500015
6/19/2006,123.6699982
6/20/2006,124.0899963
6/21/2006,125.0100021
6/22/2006,124.4599991
6/23/2006,124.4400024
6/26/2006,124.9899979
6/27/2006,123.9100037
6/28/2006,124.75
6/29/2006,127.2699966
6/30/2006,127.2799988
7/3/2006,127.8000031
7/5/2006,127.0699997
7/6/2006,127.4400024
7/7/2006,126.6100006
7/10/2006,126.8499985
7/11/2006,127.4100037
7/12/2006,126.0500031
7/13/2006,124
7/14/2006,123.5199966
7/17/2006,123.3399963
7/18/2006,123.9700012
7/19/2006,125.6900024
7/20/2006,124.8300018
7/21/2006,123.9499969
7/24/2006,126.2099991
7/25/2006,126.6600037
7/26/2006,126.8300018
7/27/2006,126.7099991
7/28/2006,127.9800034
7/31/2006,127.8499985
8/1/2006,127.2200012
8/2/2006,128.0800018
8/3/2006,128.4199982
8/4/2006,128.1999969
8/7/2006,127.9000015
8/8/2006,127.4100037
8/9/2006,126.9800034
8/10/2006,127.3700027
8/11/2006,127.0100021
8/14/2006,127.1100006
8/15/2006,128.6300049
8/16/2006,129.6999969
8/17/2006,130.0299988
8/18/2006,130.6900024
8/21/2006,130.1300049
8/22/2006,130.1199951
8/23/2006,129.7599945
8/24/2006,129.6499939
8/25/2006,129.8099976
8/28/2006,130.4299927
8/29/2006,130.5800018
8/30/2006,130.6600037
8/31/2006,130.6399994
9/1/2006,131.4199982
9/5/2006,131.6699982
9/6/2006,130.5099945
9/7/2006,129.9100037
9/8/2006,130.2799988
9/11/2006,130.4100037
9/12/2006,131.6900024
9/13/2006,132.2200012
9/14/2006,132.2299957
9/15/2006,131.9600067
9/18/2006,132.1399994
9/19/2006,131.8099976
9/20/2006,132.5099945
9/21/2006,131.8699951
9/22/2006,131.4700012
9/25/2006,132.4799957
9/26/2006,133.5800018
9/27/2006,133.7400055
9/28/2006,133.6900024
9/29/2006,133.5800018
10/2/2006,133.0800018
10/3/2006,133.3600006
10/4/2006,134.9199982
10/5/2006,135.1799927
10/6/2006,135.0099945
10/9/2006,135.0899963
10/10/2006,135.2700043
10/11/2006,135.1100006
10/12/2006,136.2799988
10/13/2006,136.6300049
10/16/2006,136.8399963
10/17/2006,136.4100037
10/18/2006,136.5899963
10/19/2006,136.8099976
10/20/2006,136.8399963
10/23/2006,137.4700012
10/24/2006,137.8800049
10/25/2006,138.3500061
10/26/2006,138.7799988
10/27/2006,137.9100037
10/30/2006,137.8099976
10/31/2006,137.7899933
11/1/2006,136.8600006
11/2/2006,136.7799988
11/3/2006,136.5399933
11/6/2006,138.0800018
11/7/2006,138.6100006
11/8/2006,138.9100037
11/9/2006,138.1799927
11/10/2006,138.2400055
11/13/2006,138.5800018
11/14/2006,139.6199951
11/15/2006,140.0200043
11/16/2006,140.3800049
11/17/2006,140.4199982
11/20/2006,140.5
11/21/2006,140.6399994
11/22/2006,140.9199982
11/24/2006,140.3500061
11/27/2006,138.4199982
11/28/2006,139.0200043
11/29/2006,140.4700012
11/30/2006,140.5299988
12/1/2006,140.2200012
12/4/2006,141.2899933
12/5/2006,141.8999939
12/6/2006,141.7799988
12/7/2006,141.1600037
12/8/2006,141.4199982
12/11/2006,141.8300018
12/12/2006,141.7200012
12/13/2006,141.8699951
12/14/2006,143.1199951
12/15/2006,142.3399963
12/18/2006,141.9499969
12/19/2006,142.2200012
12/20/2006,142.1399994
12/21/2006,141.6199951
12/22/2006,140.75
12/26/2006,141.5800018
12/27/2006,142.5099945
12/28/2006,142.2100067
12/29/2006,141.6199951
1/3/2007,141.3699951
1/4/2007,141.6699982
1/5/2007,140.5399933
1/8/2007,141.1900024
1/9/2007,141.0700073
1/10/2007,141.5399933
1/11/2007,142.1600037
1/12/2007,143.2400055
1/16/2007,142.9600067
1/17/2007,143.0200043
1/18/2007,142.5399933
1/19/2007,142.8200073
1/22/2007,142.3800049
1/23/2007,142.8000031
1/24/2007,143.9499969
1/25/2007,142.2599945
1/26/2007,142.1300049
1/29/2007,142.0500031
1/30/2007,142.7899933
1/31/2007,143.75
2/1/2007,144.6100006
2/2/2007,144.8099976
2/5/2007,144.8500061
2/6/2007,144.8899994
2/7/2007,145.2100067
2/8/2007,145.0200043
2/9/2007,143.9400024
2/12/2007,143.4499969
2/13/2007,144.6600037
2/14/2007,145.6100006
2/15/2007,145.8000031
2/16/2007,145.7299957
2/20/2007,146.0399933
2/21/2007,145.9799957
2/22/2007,145.8699951
2/23/2007,145.3000031
2/26/2007,145.1699982
2/27/2007,139.5
2/28/2007,140.9299927
3/1/2007,140.5099945
3/2/2007,138.6699982
3/5/2007,137.3500061
3/6/2007,139.6999969
3/7/2007,139.5599976
3/8/2007,140.7400055
3/9/2007,140.7799988
3/12/2007,140.9900055
3/13/2007,138.25
3/14/2007,139.2799988
3/15/2007,139.4700012
3/16/2007,138.5299988
3/19/2007,140.1999969
3/20/2007,140.9700012
3/21/2007,143.2899933
3/22/2007,143.1799927
3/23/2007,143.3899994
3/26/2007,143.1999969
3/27/2007,142.8600006
3/28/2007,141.8200073
3/29/2007,141.9700012
3/30/2007,142
4/2/2007,142.1600037
4/3/2007,143.6900024
4/4/2007,143.8500061
4/5/2007,144.2400055
4/9/2007,144.4400024
4/10/2007,144.6100006
4/11/2007,144.0200043
4/12/2007,144.6600037
4/13/2007,145.3200073
4/16/2007,146.6999969
4/17/2007,147.0899963
4/18/2007,147.2700043
4/19/2007,147.2299957
4/20/2007,148.6199951
4/23/2007,148.0599976
4/24/2007,148.1199951
4/25/2007,149.4799957
4/26/2007,149.6499939
4/27/2007,149.5299988
4/30/2007,148.2899933
5/1/2007,148.6699982
5/2/2007,149.5399933
5/3/2007,150.3500061
5/4/2007,150.9199982
5/7/2007,150.9499969
5/8/2007,150.75
5/9/2007,151.1600037
5/10/2007,149.5800018
5/11/2007,150.8600006
5/14/2007,150.5299988
5/15/2007,150.5700073
5/16/2007,151.6000061
5/17/2007,151.3000031
5/18/2007,152.6199951
5/21/2007,152.5399933
5/22/2007,152.4199982
5/23/2007,152.4400024
5/24/2007,151.0599976
5/25/2007,151.6900024
5/29/2007,152.2400055
5/30/2007,153.4799957
5/31/2007,153.3200073
6/1/2007,154.0800018
6/4/2007,154.1000061
6/5/2007,153.4900055
6/6/2007,151.8399963
6/7/2007,149.1000061
6/8/2007,151.0399933
6/11/2007,151.3000031
6/12/2007,149.6499939
6/13/2007,151.8899994
6/14/2007,152.8600006
6/15/2007,153.0700073
6/18/2007,152.8899994
6/19/2007,153.2700043
6/20/2007,151.1399994
6/21/2007,151.9799957
6/22/2007,150.5500031
6/25/2007,149.8300018
6/26/2007,148.2899933
6/27/2007,150.3999939
6/28/2007,150.3800049
6/29/2007,150.4299927
7/2/2007,151.7899933
7/3/2007,152.3399963
7/5/2007,152.1799927
7/6/2007,152.9799957
7/9/2007,153.1000061
7/10/2007,150.9199982
7/11/2007,151.9900055
7/12/2007,154.3899994
7/13/2007,154.8500061
7/16/2007,154.8300018
7/17/2007,154.75
7/18/2007,154.4700012
7/19/2007,155.0700073
7/20/2007,153.5
7/23/2007,153.9700012
7/24/2007,151.3000031
7/25/2007,151.6100006
7/26/2007,148.0200043
7/27/2007,145.1100006
7/30/2007,147.3800049
7/31/2007,145.7200012
8/1/2007,146.4299927
8/2/2007,147.6000061
8/3/2007,143.8000031
8/6/2007,146.2100067
8/7/2007,147.7700043
8/8/2007,149.8300018
8/9/2007,145.3899994
8/10/2007,144.7100067
8/13/2007,145.2299957
8/14/2007,143.0099945
8/15/2007,141.0399933
8/16/2007,142.1000061
8/17/2007,144.7100067
8/20/2007,144.6399994
8/21/2007,144.9299927
8/22/2007,146.6499939
8/23/2007,146.5200043
8/24/2007,148.3300018
8/27/2007,146.9499969
8/28/2007,143.7200012
8/29/2007,146.5399933
8/30/2007,146.1499939
8/31/2007,147.5899963
9/4/2007,149.0800018
9/5/2007,147.7899933
9/6/2007,148.1300049
9/7/2007,146.0700073
9/10/2007,145.7899933
9/11/2007,147.4900055
9/12/2007,147.8699951
9/13/2007,148.9100037
9/14/2007,148.8999939
9/17/2007,148.1000061
9/18/2007,152.4600067
9/19/2007,153.3600006
9/20/2007,152.2799988
9/21/2007,151.9700012
9/24/2007,151.6900024
9/25/2007,151.3899994
9/26/2007,152.1900024
9/27/2007,153.0899963
9/28/2007,152.5800018
10/1/2007,154.3000031
10/2/2007,154.0899963
10/3/2007,153.7799988
10/4/2007,154.0200043
10/5/2007,155.8500061
10/8/2007,155.0200043
10/9/2007,156.4799957
10/10/2007,156.2200012
10/11/2007,155.4700012
10/12/2007,156.3300018
10/15/2007,155.0099945
10/16/2007,153.7799988
10/17/2007,154.25
10/18/2007,153.6900024
10/19/2007,149.6699982
10/22/2007,150.5399933
10/23/2007,151.7599945
10/24/2007,151.4799957
10/25/2007,151.8399963
10/26/2007,153.6199951
10/29/2007,154.1300049
10/30/2007,153.0599976
10/31/2007,154.6499939
11/1/2007,151.0299988
11/2/2007,151.1999969
11/5/2007,150.0500031
11/6/2007,152.0700073
11/7/2007,147.9100037
11/8/2007,147.1600037
11/9/2007,145.1399994
11/12/2007,143.6999969
11/13/2007,148.0800018
11/14/2007,147.6699982
11/15/2007,145.5399933
11/16/2007,145.7899933
11/19/2007,143.7599945
11/20/2007,144.6399994
11/21/2007,141.6799927
11/23/2007,144.1300049
11/26/2007,140.9499969
11/27/2007,142.5700073
11/28/2007,147.1300049
11/29/2007,147.1799927
11/30/2007,148.6600037
12/3/2007,147.6799927
12/4/2007,146.3600006
12/5/2007,148.8099976
12/6/2007,150.9400024
12/7/2007,150.9100037
12/10/2007,152.0800018
12/11/2007,147.9100037
12/12/2007,149.3699951
12/13/2007,149.0599976
12/14/2007,147.1699982
12/17/2007,145.0700073
12/18/2007,145.8800049
12/19/2007,145.8800049
12/20/2007,146.8000031
12/21/2007,148.1300049
12/24/2007,149.2299957
12/26/2007,149.5500031
12/27/2007,147.6699982
12/28/2007,147.3000031
12/31/2007,146.2100067
1/2/2008,144.9299927
1/3/2008,144.8600006
1/4/2008,141.3099976
1/7/2008,141.1900024
1/8/2008,138.9100037
1/9/2008,140.3699951
1/10/2008,141.2899933
1/11/2008,140.1499939
1/14/2008,141.2799988
1/15/2008,138.1699982
1/16/2008,136.9799957
1/17/2008,133.4299927
1/18/2008,132.0599976
1/22/2008,130.7200012
1/23/2008,133.8600006
1/24/2008,134.9900055
1/25/2008,133.0399933
1/28/2008,135.2400055
1/29/2008,135.9100037
1/30/2008,134.9100037
1/31/2008,137.3699951
2/1/2008,139.5800018
2/4/2008,137.8200073
2/5/2008,134.1300049
2/6/2008,133.0500031
2/7/2008,133.9299927
2/8/2008,133.0700073
2/11/2008,133.75
2/12/2008,134.9900055
2/13/2008,136.3699951
2/14/2008,135.1699982
2/15/2008,135.1399994
2/19/2008,135.5200043
2/20/2008,135.9199982
2/21/2008,134.7899933
2/22/2008,135.6199951
2/25/2008,137.3300018
2/26/2008,138.3600006
2/27/2008,138.2200012
2/28/2008,136.8699951
2/29/2008,133.8200073
3/3/2008,133.5
3/4/2008,132.9900055
3/5/2008,133.8300018
3/6/2008,131.0599976
3/7/2008,129.7100067
3/10/2008,128
3/11/2008,132.6000061
3/12/2008,131.3600006
3/13/2008,131.6499939
3/14/2008,129.6100006
3/17/2008,128.3000031
3/18/2008,133.6300049
3/19/2008,130.3200073
3/20/2008,132.0800018
3/24/2008,134.7200012
3/25/2008,134.8500061
3/26/2008,133.1999969
3/27/2008,132.7799988
3/28/2008,131.5099945
3/31/2008,131.9700012
4/1/2008,136.6100006
4/2/2008,136.6999969
4/3/2008,137.0399933
4/4/2008,136.8899994
4/7/2008,136.9600067
4/8/2008,136.8200073
4/9/2008,135.8300018
4/10/2008,136.0200043
4/11/2008,133.3800049
4/14/2008,132.9299927
4/15/2008,133.2400055
4/16/2008,136.8500061
4/17/2008,137.0500031
4/18/2008,138.4799957
4/21/2008,138.5500031
4/22/2008,137.9400024
4/23/2008,137.7200012
4/24/2008,138.3200073
4/25/2008,139.6000061
4/28/2008,139.6300049
4/29/2008,139.0800018
4/30/2008,138.2599945
5/1/2008,141.1199951
5/2/2008,141.5099945
5/5/2008,140.8300018
5/6/2008,142.0500031
5/7/2008,139.5200043
5/8/2008,139.1600037
5/9/2008,138.8999939
5/12/2008,140.4600067
5/13/2008,140.4799957
5/14/2008,140.7700043
5/15/2008,142.5299988
5/16/2008,142.6600037
5/19/2008,143.0500031
5/20/2008,141.8899994
5/21/2008,139.4900055
5/22/2008,139.5099945
5/23/2008,137.6399994
5/27/2008,138.6600037
5/28/2008,139.3000031
5/29/2008,140
5/30/2008,140.3500061
6/2/2008,138.8999939
6/3/2008,138.0899963
6/4/2008,138.0200043
6/5/2008,140.7799988
6/6/2008,136.2899933
6/9/2008,136.6199951
6/10/2008,135.9400024
6/11/2008,133.9400024
6/12/2008,134.4499969
6/13/2008,136.1499939
6/16/2008,136.2299957
6/17/2008,135.5700073
6/18/2008,134.25
6/19/2008,134.4199982
6/20/2008,131.5800018
6/23/2008,131.4499969
6/24/2008,131.1900024
6/25/2008,131.8099976
6/26/2008,128.2299957
6/27/2008,127.5299988
6/30/2008,127.9800034
7/1/2008,128.3800049
7/2/2008,126.1800003
7/3/2008,126.3099976
7/7/2008,125.0199966
7/8/2008,127.2399979
7/9/2008,124.7900009
7/10/2008,125.3000031
7/11/2008,123.8399963
7/14/2008,122.7200012
7/15/2008,120.9899979
7/16/2008,123.9599991
7/17/2008,125.1999969
7/18/2008,125.9800034
7/21/2008,126.0500031
7/22/2008,127.4800034
7/23/2008,128.1699982
7/24/2008,125.5100021
7/25/2008,125.4800034
7/28/2008,123.6399994
7/29/2008,126.2799988
7/30/2008,128.5299988
7/31/2008,126.8300018
8/1/2008,126.1600037
8/4/2008,124.9899979
8/5/2008,128.3600006
8/6/2008,128.9299927
8/7/2008,127.0100021
8/8/2008,129.3699951
8/11/2008,130.7100067
8/12/2008,129.3500061
8/13/2008,128.5700073
8/14/2008,129.5399933
8/15/2008,130.1699982
8/18/2008,128.3899994
8/19/2008,126.9899979
8/20/2008,127.5800018
8/21/2008,127.8000031
8/22/2008,129.6499939
8/25/2008,127.0199966
8/26/2008,127.3899994
8/27/2008,128.6300049
8/28/2008,130.1900024
8/29/2008,128.7899933
9/2/2008,127.9899979
9/3/2008,127.8799973
9/4/2008,124.0299988
9/5/2008,124.4199982
9/8/2008,126.9899979
9/9/2008,123.2200012
9/10/2008,123.7200012
9/11/2008,125.5100021
9/12/2008,126.0899963
9/15/2008,120.0899963
9/16/2008,122.0999985
9/17/2008,116.6100006
9/18/2008,120.0699997
9/19/2008,124.1200027
9/22/2008,121.3099976
9/23/2008,118.5500031
9/24/2008,118.9300003
9/25/2008,120.7900009
9/26/2008,120.8499985
9/29/2008,111.3799973
9/30/2008,115.9899979
10/1/2008,116.0599976
10/2/2008,111.8499985
10/3/2008,110.3399963
10/6/2008,104.7200012
10/7/2008,100.0299988
10/8/2008,97.51000214
10/9/2008,90.69999695
10/10/2008,88.5
10/13/2008,101.3499985
10/14/2008,99.84999847
10/15/2008,90.01999664
10/16/2008,93.76999664
10/17/2008,93.20999908
10/20/2008,98.80999756
10/21/2008,95.86000061
10/22/2008,90.63999939
10/23/2008,91.69000244
10/24/2008,87.04000092
10/27/2008,83.94999695
10/28/2008,93.76000214
10/29/2008,93.08000183
10/30/2008,96.30000305
10/31/2008,96.83000183
11/3/2008,97.11000061
11/4/2008,100.4100037
11/5/2008,96.19000244
11/6/2008,90.86000061
11/7/2008,93.86000061
11/10/2008,92.62999725
11/11/2008,89.76999664
11/12/2008,85.81999969
11/13/2008,91.16999817
11/14/2008,86.62000275
11/17/2008,85.47000122
11/18/2008,87.08000183
11/19/2008,81.5
11/20/2008,75.44999695
11/21/2008,79.51999664
11/24/2008,85.02999878
11/25/2008,85.66000366
11/26/2008,88.97000122
11/28/2008,90.08999634
12/1/2008,82.11000061
12/2/2008,85.26999664
12/3/2008,87.31999969
12/4/2008,85.30000305
12/5/2008,87.93000031
12/8/2008,91
12/9/2008,89.5
12/10/2008,90.11000061
12/11/2008,87.94000244
12/12/2008,88.98999786
12/15/2008,87.75
12/16/2008,91.87999725
12/17/2008,90.98999786
12/18/2008,89.29000092
12/19/2008,88.19000244
12/22/2008,87.05999756
12/23/2008,86.16000366
12/24/2008,86.66000366
12/26/2008,87.16000366
12/29/2008,86.91000366
12/30/2008,88.97000122
12/31/2008,90.23999786
1/2/2009,92.95999908
1/5/2009,92.84999847
1/6/2009,93.47000122
1/7/2009,90.66999817
1/8/2009,91.04000092
1/9/2009,89.08999634
1/12/2009,86.94999695
1/13/2009,87.11000061
1/14/2009,84.37000275
1/15/2009,84.40000153
1/16/2009,85.05999756
1/20/2009,80.56999969
1/21/2009,84.05000305
1/22/2009,82.75
1/23/2009,83.11000061
1/26/2009,83.68000031
1/27/2009,84.52999878
1/28/2009,87.38999939
1/29/2009,84.55000305
1/30/2009,82.83000183
2/2/2009,82.58000183
2/3/2009,83.73999786
2/4/2009,83.33000183
2/5/2009,84.56999969
2/6/2009,86.98000336
2/9/2009,87.09999847
2/10/2009,83.11000061
2/11/2009,83.59999847
2/12/2009,83.66000366
2/13/2009,82.76000214
2/17/2009,79.22000122
2/18/2009,79.02999878
2/19/2009,78.18000031
2/20/2009,77.41999817
2/23/2009,74.65000153
2/24/2009,77.48000336
2/25/2009,76.87000275
2/26/2009,75.62000275
2/27/2009,73.93000031
3/2/2009,70.59999847
3/3/2009,70.06999969
3/4/2009,71.73000336
3/5/2009,68.80000305
3/6/2009,68.91999817
3/9/2009,68.11000061
3/10/2009,72.16999817
3/11/2009,72.63999939
3/12/2009,75.5
3/13/2009,76.08999634
3/16/2009,75.86000061
3/17/2009,78.18000031
3/18/2009,79.93000031
3/19/2009,78.94000244
3/20/2009,76.70999908
3/23/2009,82.22000122
3/24/2009,80.59999847
3/25/2009,81.44999695
3/26/2009,83.11000061
3/27/2009,81.61000061
3/30/2009,78.79000092
3/31/2009,79.51999664
4/1/2009,81.05999756
4/2/2009,83.43000031
4/3/2009,84.26000214
4/6/2009,83.59999847
4/7/2009,81.65000153
4/8/2009,82.52999878
4/9/2009,85.80999756
4/13/2009,85.83000183
4/14/2009,84.34999847
4/15/2009,85.25
4/16/2009,86.5
4/17/2009,87.08000183
4/20/2009,83.43000031
4/21/2009,85.05999756
4/22/2009,84.54000092
4/23/2009,85.37000275
4/24/2009,86.66000366
4/27/2009,85.83999634
4/28/2009,85.56999969
4/29/2009,87.38999939
4/30/2009,87.41999817
5/1/2009,87.88999939
5/4/2009,90.87999725
5/5/2009,90.56999969
5/6/2009,92.13999939
5/7/2009,90.86000061
5/8/2009,92.98000336
5/11/2009,91.23999786
5/12/2009,90.97000122
5/13/2009,88.68000031
5/14/2009,89.44000244
5/15/2009,88.70999908
5/18/2009,91.23000336
5/19/2009,91.12000275
5/20/2009,90.51000214
5/21/2009,89.20999908
5/22/2009,89.01999664
5/26/2009,91.30000305
5/27/2009,89.66999817
5/28/2009,90.91999817
5/29/2009,92.52999878
6/1/2009,94.76999664
6/2/2009,94.84999847
6/3/2009,93.65000153
6/4/2009,94.52999878
6/5/2009,94.55000305
6/8/2009,94.16000366
6/9/2009,94.63999939
6/10/2009,94.40000153
6/11/2009,94.81999969
6/12/2009,95.08000183
6/15/2009,92.90000153
6/16/2009,91.63999939
6/17/2009,91.55000305
6/18/2009,92.22000122
6/19/2009,92.04000092
6/22/2009,89.27999878
6/23/2009,89.34999847
6/24/2009,90.12000275
6/25/2009,92.08000183
6/26/2009,91.83999634
6/29/2009,92.69999695
6/30/2009,91.94999695
7/1/2009,92.33000183
7/2/2009,89.80999756
7/6/2009,89.80000305
7/7/2009,88.05999756
7/8/2009,88
7/9/2009,88.16999817
7/10/2009,87.95999908
7/13/2009,90.09999847
7/14/2009,90.61000061
7/15/2009,93.26000214
7/16/2009,93.11000061
7/17/2009,94.12999725
7/20/2009,95.12999725
7/21/2009,95.56999969
7/22/2009,95.55000305
7/23/2009,97.66000366
7/24/2009,98.05999756
7/27/2009,98.34999847
7/28/2009,97.88999939
7/29/2009,97.65000153
7/30/2009,98.66999817
7/31/2009,98.80999756
8/3/2009,100.4400024
8/4/2009,100.6999969
8/5/2009,100.4100037
8/6/2009,99.88999939
8/7/2009,101.1999969
8/10/2009,100.9899979
8/11/2009,99.73000336
8/12/2009,100.8000031
8/13/2009,101.5699997
8/14/2009,100.7900009
8/17/2009,98.30999756
8/18/2009,99.08999634
8/19/2009,99.95999908
8/20/2009,100.9899979
8/21/2009,102.9700012
8/24/2009,102.9599991
8/25/2009,103.1600037
8/26/2009,103.1699982
8/27/2009,103.4000015
8/28/2009,103.3799973
8/31/2009,102.4599991
9/1/2009,100.1999969
9/2/2009,99.81999969
9/3/2009,100.6500015
9/4/2009,102.0599976
9/8/2009,102.9400024
9/9/2009,103.7300034
9/10/2009,104.7900009
9/11/2009,104.7699966
9/14/2009,105.2799988
9/15/2009,105.7200012
9/16/2009,107.3199997
9/17/2009,107.1600037
9/18/2009,106.7200012
9/21/2009,106.4499969
9/22/2009,107.0699997
9/23/2009,106.1800003
9/24/2009,105.0100021
9/25/2009,104.4499969
9/28/2009,106.3199997
9/29/2009,106
9/30/2009,105.5899963
10/1/2009,102.9700012
10/2/2009,102.4899979
10/5/2009,104.0199966
10/6/2009,105.5100021
10/7/2009,105.8000031
10/8/2009,106.6100006
10/9/2009,107.2600021
10/12/2009,107.6800003
10/13/2009,107.4599991
10/14/2009,109.3099976
10/15/2009,109.7099991
10/16/2009,108.8899994
10/19/2009,109.7900009
10/20/2009,109.2099991
10/21/2009,108.2300034
10/22/2009,109.3300018
10/23/2009,108.0800018
10/26/2009,106.9100037
10/27/2009,106.4199982
10/28/2009,104.4100037
10/29/2009,106.6500015
10/30/2009,103.5599976
11/2/2009,104.3199997
11/3/2009,104.6500015
11/4/2009,104.9199982
11/5/2009,106.8499985
11/6/2009,107.1299973
11/9/2009,109.5699997
11/10/2009,109.5899963
11/11/2009,110.1500015
11/12/2009,109.0299988
11/13/2009,109.6200027
11/16/2009,111.2099991
11/17/2009,111.3399963
11/18/2009,111.2699966
11/19/2009,109.8199997
11/20/2009,109.4300003
11/23/2009,110.8199997
11/24/2009,110.9899979
11/25/2009,111.3799973
11/27/2009,109.5699997
11/30/2009,109.9400024
12/1/2009,111.3000031
12/2/2009,111.25
12/3/2009,110.3799973
12/4/2009,111.0100021
12/7/2009,110.8399963
12/8/2009,109.6100006
12/9/2009,110.0199966
12/10/2009,110.6399994
12/11/2009,111.1100006
12/14/2009,111.8700027
12/15/2009,111.3499985
12/16/2009,111.5199966
12/17/2009,110.1800003
12/18/2009,110.2099991
12/21/2009,111.3300018
12/22/2009,111.7300034
12/23/2009,111.9499969
12/24/2009,112.4800034
12/28/2009,112.7200012
12/29/2009,112.5599976
12/30/2009,112.5199966
12/31/2009,111.4400024
1/4/2010,113.3300018
1/5/2010,113.6299973
1/6/2010,113.7099991
1/7/2010,114.1900024
1/8/2010,114.5699997
1/11/2010,114.7300034
1/12/2010,113.6600037
1/13/2010,114.6200027
1/14/2010,114.9300003
1/15/2010,113.6399994
1/19/2010,115.0599976
1/20/2010,113.8899994
1/21/2010,111.6999969
1/22/2010,109.2099991
1/25/2010,109.7699966
1/26/2010,109.3099976
1/27/2010,109.8300018
1/28/2010,108.5699997
1/29/2010,107.3899994
2/1/2010,109.0599976
2/2/2010,110.3799973
2/3/2010,109.8300018
2/4/2010,106.4400024
2/5/2010,106.6600037
2/8/2010,105.8899994
2/9/2010,107.2200012
2/10/2010,107.0100021
2/11/2010,108.1299973
2/12/2010,108.0400009
2/16/2010,109.7399979
2/17/2010,110.2600021
2/18/2010,110.9100037
2/19/2010,111.1399994
2/22/2010,111.1600037
2/23/2010,109.8099976
2/24/2010,110.8199997
2/25/2010,110.6699982
2/26/2010,110.7399979
3/1/2010,111.8899994
3/2/2010,112.1999969
3/3/2010,112.3000031
3/4/2010,112.6399994
3/5/2010,114.25
3/8/2010,114.2699966
3/9/2010,114.4599991
3/10/2010,114.9700012
3/11/2010,115.4499969
3/12/2010,115.4599991
3/15/2010,115.4899979
3/16/2010,116.4100037
3/17/2010,117.0999985
3/18/2010,117.0400009
3/19/2010,115.9700012
3/22/2010,116.5899963
3/23/2010,117.4100037
3/24/2010,116.8399963
3/25/2010,116.6500015
3/26/2010,116.5800018
3/29/2010,117.3199997
3/30/2010,117.4000015
3/31/2010,117
4/1/2010,117.8000031
4/5/2010,118.7600021
4/6/2010,119.0400009
4/7/2010,118.3600006
4/8/2010,118.7699966
4/9/2010,119.5500031
4/12/2010,119.7399979
4/13/2010,119.8300018
4/14/2010,121.1900024
4/15/2010,121.2900009
4/16/2010,119.3600006
4/19/2010,119.8099976
4/20/2010,120.8799973
4/21/2010,120.6600037
4/22/2010,121.0199966
4/23/2010,121.8099976
4/26/2010,121.3499985
4/27/2010,118.4800034
4/28/2010,119.3799973
4/29/2010,120.8600006
4/30/2010,118.8099976
5/3/2010,120.3499985
5/4/2010,117.5199966
5/5/2010,116.8199997
5/6/2010,112.9400024
5/7/2010,111.2600021
5/10/2010,116.1600037
5/11/2010,115.8300018
5/12/2010,117.4499969
5/13/2010,115.9899979
5/14/2010,113.8899994
5/17/2010,113.9499969
5/18/2010,112.4000015
5/19/2010,111.7600021
5/20/2010,107.5400009
5/21/2010,109.1100006
5/24/2010,107.7099991
5/25/2010,107.8199997
5/26/2010,107.1699982
5/27/2010,110.7600021
5/28/2010,109.3700027
6/1/2010,107.5299988
6/2/2010,110.3300018
6/3/2010,110.7099991
6/4/2010,106.8199997
6/7/2010,105.4899979
6/8/2010,106.6200027
6/9/2010,106.0500031
6/10/2010,109.1500015
6/11/2010,109.6800003
6/14/2010,109.5100021
6/15/2010,112
6/16/2010,111.9599991
6/17/2010,112.1399994
6/18/2010,111.7300034
6/21/2010,111.4100037
6/22/2010,109.5699997
6/23/2010,109.2300034
6/24/2010,107.4199982
6/25/2010,107.8700027
6/28/2010,107.5299988
6/29/2010,104.2099991
6/30/2010,103.2200012
7/1/2010,102.7600021
7/2/2010,102.1999969
7/6/2010,102.8700027
7/7/2010,106.1100006
7/8/2010,107.1600037
7/9/2010,107.9599991
7/12/2010,108.0299988
7/13/2010,109.6600037
7/14/2010,109.6500015
7/15/2010,109.6800003
7/16/2010,106.6600037
7/19/2010,107.2900009
7/20/2010,108.4800034
7/21/2010,107.0699997
7/22/2010,109.4599991
7/23/2010,110.4100037
7/26/2010,111.5599976
7/27/2010,111.5500031
7/28/2010,110.8300018
7/29/2010,110.2900009
7/30/2010,110.2699966
8/2/2010,112.7600021
8/3/2010,112.2200012
8/4/2010,112.9700012
8/5/2010,112.8499985
8/6/2010,112.3899994
8/9/2010,112.9899979
8/10/2010,112.3799973
8/11/2010,109.3000031
8/12/2010,108.6299973
8/13/2010,108.3099976
8/16/2010,108.2600021
8/17/2010,109.5899963
8/18/2010,109.7900009
8/19/2010,107.8799973
8/20/2010,107.5299988
8/23/2010,107.1200027
8/24/2010,105.5299988
8/25/2010,105.9400024
8/26/2010,105.2300034
8/27/2010,106.8600006
8/30/2010,105.3099976
8/31/2010,105.3099976
9/1/2010,108.4599991
9/2/2010,109.4700012
9/3/2010,110.8899994
9/7/2010,109.6399994
9/8/2010,110.4100037
9/9/2010,110.9199982
9/10/2010,111.4800034
9/13/2010,112.7200012
9/14/2010,112.6500015
9/15/2010,113.0800018
9/16/2010,113.0500031
9/17/2010,112.4899979
9/20/2010,114.2099991
9/21/2010,113.9800034
9/22/2010,113.4199982
9/23/2010,112.5
9/24/2010,114.8199997
9/27/2010,114.2699966
9/28/2010,114.6699982
9/29/2010,114.4700012
9/30/2010,114.1299973
10/1/2010,114.6100006
10/4/2010,113.75
10/5/2010,116.0400009
10/6/2010,116.0299988
10/7/2010,115.8899994
10/8/2010,116.5400009
10/11/2010,116.6500015
10/12/2010,117.0100021
10/13/2010,117.9199982
10/14/2010,117.4599991
10/15/2010,117.6999969
10/18/2010,118.2799988
10/19/2010,116.7300034
10/20/2010,117.8700027
10/21/2010,118.1299973
10/22/2010,118.3499985
10/25/2010,118.6999969
10/26/2010,118.7200012
10/27/2010,118.3799973
10/28/2010,118.4000015
10/29/2010,118.4899979
11/1/2010,118.5299988
11/2/2010,119.4700012
11/3/2010,119.9499969
11/4/2010,122.2600021
11/5/2010,122.7200012
11/8/2010,122.4899979
11/9/2010,121.6100006
11/10/2010,122.0999985
11/11/2010,121.6399994
11/12/2010,120.1999969
11/15/2010,120.0299988
11/16/2010,118.1600037
11/17/2010,118.2200012
11/18/2010,119.9599991
11/19/2010,120.2900009
11/22/2010,120.1900024
11/23/2010,118.4499969
11/24/2010,120.1999969
11/26/2010,118.8000031
11/29/2010,119.1600037
11/30/2010,118.4899979
12/1/2010,121.0100021
12/2/2010,122.5599976
12/3/2010,122.8899994
12/6/2010,122.7600021
12/7/2010,122.8300018
12/8/2010,123.2799988
12/9/2010,123.7600021
12/10/2010,124.4800034
12/13/2010,124.5599976
12/14/2010,124.6699982
12/15/2010,124.0999985
12/16/2010,124.8199997
12/17/2010,124.3000031
12/20/2010,124.5999985
12/21/2010,125.3899994
12/22/2010,125.7799988
12/23/2010,125.5999985
12/27/2010,125.6500015
12/28/2010,125.8300018
12/29/2010,125.9199982
12/30/2010,125.7200012
12/31/2010,125.75
1/3/2011,127.0500031
1/4/2011,126.9800034
1/5/2011,127.6399994
1/6/2011,127.3899994
1/7/2011,127.1399994
1/10/2011,126.9800034
1/11/2011,127.4300003
1/12/2011,128.5800018
1/13/2011,128.3699951
1/14/2011,129.3000031
1/18/2011,129.5200043
1/19/2011,128.25
1/20/2011,128.0800018
1/21/2011,128.3699951
1/24/2011,129.1000061
1/25/2011,129.1699982
1/26/2011,129.6699982
1/27/2011,129.9900055
1/28/2011,127.7200012
1/31/2011,128.6799927
2/1/2011,130.7400055
2/2/2011,130.4900055
2/3/2011,130.7799988
2/4/2011,131.1499939
2/7/2011,131.9700012
2/8/2011,132.5700073
2/9/2011,132.2700043
2/10/2011,132.3200073
2/11/2011,133.1100006
2/14/2011,133.4299927
2/15/2011,133.0099945
2/16/2011,133.8500061
2/17/2011,134.25
2/18/2011,134.5299988
2/22/2011,131.8300018
2/23/2011,131.0200043
2/24/2011,130.9299927
2/25/2011,132.3300018
2/28/2011,133.1499939
3/1/2011,130.9299927
3/2/2011,131.2100067
3/3/2011,133.4700012
3/4/2011,132.4700012
3/7/2011,131.4299927
3/8/2011,132.5800018
3/9/2011,132.3899994
3/10/2011,129.9400024
3/11/2011,130.8399963
3/14/2011,130.0500031
3/15/2011,128.5599976
3/16/2011,126.1800003
3/17/2011,127.8499985
3/18/2011,127.7600021
3/21/2011,129.7400055
3/22/2011,129.2899933
3/23/2011,129.6600037
3/24/2011,130.8999939
3/25/2011,131.3000031
3/28/2011,130.9799957
3/29/2011,131.8600006
3/30/2011,132.7700043
3/31/2011,132.5899963
4/1/2011,133.1499939
4/4/2011,133.2599945
4/5/2011,133.2400055
4/6/2011,133.6600037
4/7/2011,133.3200073
4/8/2011,132.8600006
4/11/2011,132.4600067
4/12/2011,131.4700012
4/13/2011,131.4600067
4/14/2011,131.5599976
4/15/2011,132.0399933
4/18/2011,130.5599976
4/19/2011,131.3099976
4/20/2011,133.1000061
4/21/2011,133.7799988
4/25/2011,133.6399994
4/26/2011,134.7899933
4/27/2011,135.6699982
4/28/2011,136.1100006
4/29/2011,136.4299927
5/2/2011,136.2200012
5/3/2011,135.7299957
5/4/2011,134.8300018
5/5/2011,133.6100006
5/6/2011,134.1999969
5/9/2011,134.7200012
5/10/2011,135.8699951
5/11/2011,134.4400024
5/12/2011,135.0800018
5/13/2011,134.0399933
5/16/2011,133.1900024
5/17/2011,133.1699982
5/18/2011,134.3600006
5/19/2011,134.6799927
5/20/2011,133.6100006
5/23/2011,132.0599976
5/24/2011,131.9499969
5/25/2011,132.3899994
5/26/2011,133
5/27/2011,133.5099945
5/31/2011,134.8999939
6/1/2011,131.8699951
6/2/2011,131.7299957
6/3/2011,130.4199982
6/6/2011,129.0399933
6/7/2011,128.9600067
6/8/2011,128.4199982
6/9/2011,129.3999939
6/10/2011,127.5999985
6/13/2011,127.6999969
6/14/2011,129.3200073
6/15/2011,127.0199966
6/16/2011,127.3000031
6/17/2011,127.0500031
6/20/2011,127.6999969
6/21/2011,129.4499969
6/22/2011,128.6699982
6/23/2011,128.3000031
6/24/2011,126.8099976
6/27/2011,127.9400024
6/28/2011,129.6100006
6/29/2011,130.7200012
6/30/2011,131.9700012
7/1/2011,133.9199982
7/5/2011,133.8099976
7/6/2011,133.9700012
7/7/2011,135.3600006
7/8/2011,134.3999939
7/11/2011,131.9700012
7/12/2011,131.3999939
7/13/2011,131.8399963
7/14/2011,130.9299927
7/15/2011,131.6900024
7/18/2011,130.6100006
7/19/2011,132.7299957
7/20/2011,132.6499939
7/21/2011,134.4900055
7/22/2011,134.5800018
7/25/2011,133.8300018
7/26/2011,133.3300018
7/27/2011,130.6000061
7/28/2011,130.2200012
7/29/2011,129.3300018
8/1/2011,128.7799988
8/2/2011,125.4899979
8/3/2011,126.1699982
8/4/2011,120.2600021
8/5/2011,120.0800018
8/8/2011,112.2600021
8/9/2011,117.4800034
8/10/2011,112.2900009
8/11/2011,117.3300018
8/12/2011,118.1200027
8/15/2011,120.6200027
8/16/2011,119.5899963
8/17/2011,119.6699982
8/18/2011,114.5100021
8/19/2011,112.6399994
8/22/2011,112.7300034
8/23/2011,116.4400024
8/24/2011,118.0800018
8/25/2011,116.2799988
8/26/2011,117.9700012
8/29/2011,121.3600006
8/30/2011,121.6800003
8/31/2011,122.2200012
9/1/2011,120.9400024
9/2/2011,117.8499985
9/6/2011,116.9899979
9/7/2011,120.2900009
9/8/2011,119.0400009
9/9/2011,115.9199982
9/12/2011,116.6699982
9/13/2011,117.7399979
9/14/2011,119.3700027
9/15/2011,121.4300003
9/16/2011,121.5199966
9/19/2011,120.3099976
9/20/2011,120.1699982
9/21/2011,116.6299973
9/22/2011,112.8600006
9/23/2011,113.5400009
9/26/2011,116.2399979
9/27/2011,117.5400009
9/28/2011,115.1399994
9/29/2011,116.0500031
9/30/2011,113.1500015
10/3/2011,109.9300003
10/4/2011,112.3399963
10/5/2011,114.4199982
10/6/2011,116.4899979
10/7/2011,115.7099991
10/10/2011,119.5800018
10/11/2011,119.6999969
10/12/2011,120.75
10/13/2011,120.5100021
10/14/2011,122.5699997
10/17/2011,120.2300034
10/18/2011,122.5800018
10/19/2011,121.1299973
10/20/2011,121.6600037
10/21/2011,123.9700012
10/24/2011,125.4899979
10/25/2011,123.0500031
10/26/2011,124.3000031
10/27/2011,128.6300049
10/28/2011,128.6000061
10/31/2011,125.5
11/1/2011,122
11/2/2011,123.9899979
11/3/2011,126.25
11/4/2011,125.4800034
11/7/2011,126.2600021
11/8/2011,127.8799973
11/9/2011,123.1600037
11/10/2011,124.3199997
11/11/2011,126.6600037
11/14/2011,125.4599991
11/15/2011,126.0800018
11/16/2011,124.0800018
11/17/2011,122.1100006
11/18/2011,121.9800034
11/21/2011,119.6600037
11/22/2011,119.1900024
11/23/2011,116.5599976
11/25/2011,116.3399963
11/28/2011,119.7099991
11/29/2011,120.0500031
11/30/2011,124.9899979
12/1/2011,124.9700012
12/2/2011,124.8600006
12/5/2011,126.2200012
12/6/2011,126.2600021
12/7/2011,126.7300034
12/8/2011,123.9499969
12/9/2011,126.0500031
12/12/2011,124.2099991
12/13/2011,123.0500031
12/14/2011,121.7399979
12/15/2011,122.1800003
12/16/2011,121.5899963
12/19/2011,120.2900009
12/20/2011,123.9300003
12/21/2011,124.1699982
12/22/2011,125.2699966
12/23/2011,126.3899994
12/27/2011,126.4899979
12/28/2011,124.8300018
12/29/2011,126.1200027
12/30/2011,125.5
1/3/2012,127.5
1/4/2012,127.6999969
1/5/2012,128.0399933
1/6/2012,127.7099991
1/9/2012,128.0200043
1/10/2012,129.1300049
1/11/2012,129.1999969
1/12/2012,129.5099945
1/13/2012,128.8399963
1/17/2012,129.3399963
1/18/2012,130.7700043
1/19/2012,131.4600067
1/20/2012,131.9499969
1/23/2012,131.6100006
1/24/2012,131.4600067
1/25/2012,132.5599976
1/26/2012,131.8800049
1/27/2012,131.8200073
1/30/2012,131.3699951
1/31/2012,131.3200073
2/1/2012,132.4700012
2/2/2012,132.6799927
2/3/2012,134.5399933
2/6/2012,134.4499969
2/7/2012,134.7899933
2/8/2012,135.1900024
2/9/2012,135.3600006
2/10/2012,134.3600006
2/13/2012,135.3600006
2/14/2012,135.1900024
2/15/2012,134.5599976
2/16/2012,136.0500031
2/17/2012,136.4100037
2/21/2012,136.4700012
2/22/2012,136.0299988
2/23/2012,136.6300049
2/24/2012,136.9299927
2/27/2012,137.1600037
2/28/2012,137.5599976
2/29/2012,137.0200043
3/1/2012,137.7299957
3/2/2012,137.3099976
3/5/2012,136.75
3/6/2012,134.75
3/7/2012,135.6900024
3/8/2012,137.0399933
3/9/2012,137.5700073
3/12/2012,137.5800018
3/13/2012,140.0599976
3/14/2012,139.9100037
3/15/2012,140.7200012
3/16/2012,140.3000031
3/19/2012,140.8500061
3/20/2012,140.4400024
3/21/2012,140.2100067
3/22/2012,139.1999969
3/23/2012,139.6499939
3/26/2012,141.6100006
3/27/2012,141.1699982
3/28/2012,140.4700012
3/29/2012,140.2299957
3/30/2012,140.8099976
4/2/2012,141.8399963
4/3/2012,141.2599945
4/4/2012,139.8600006
4/5/2012,139.7899933
4/9/2012,138.2200012
4/10/2012,135.8999939
4/11/2012,137
4/12/2012,138.7899933
4/13/2012,137.1399994
4/16/2012,137.0500031
4/17/2012,139.0800018
4/18/2012,138.6100006
4/19/2012,137.7200012
4/20/2012,137.9499969
4/23/2012,136.7899933
4/24/2012,137.3099976
4/25/2012,139.1900024
4/26/2012,140.1600037
4/27/2012,140.3899994
4/30/2012,139.8699951
5/1/2012,140.7400055
5/2/2012,140.3200073
5/3/2012,139.25
5/4/2012,137
5/7/2012,137.1000061
5/8/2012,136.5500031
5/9/2012,135.7400055
5/10/2012,136.0200043
5/11/2012,135.6100006
5/14/2012,134.1100006
5/15/2012,133.3399963
5/16/2012,132.8300018
5/17/2012,130.8600006
5/18/2012,129.7400055
5/21/2012,131.9700012
5/22/2012,132.1999969
5/23/2012,132.2700043
5/24/2012,132.5299988
5/25/2012,132.1000061
5/29/2012,133.6999969
5/30/2012,131.7599945
5/31/2012,131.4700012
6/1/2012,128.1600037
6/4/2012,128.1000061
6/5/2012,129.0700073
6/6/2012,131.9700012
6/7/2012,132.0500031
6/8/2012,133.1000061
6/11/2012,131.4100037
6/12/2012,132.9199982
6/13/2012,132.0700073
6/14/2012,133.4700012
6/15/2012,134.1399994
6/18/2012,134.3999939
6/19/2012,135.6999969
6/20/2012,135.4799957
6/21/2012,132.4400024
6/22/2012,133.4600067
6/25/2012,131.3200073
6/26/2012,131.9799957
6/27/2012,133.1699982
6/28/2012,132.7899933
6/29/2012,136.1000061
7/2/2012,136.5099945
7/3/2012,137.4100037
7/5/2012,136.7899933
7/6/2012,135.4900055
7/9/2012,135.3200073
7/10/2012,134.1399994
7/11/2012,134.1600037
7/12/2012,133.5099945
7/13/2012,135.75
7/16/2012,135.4299927
7/17/2012,136.3600006
7/18/2012,137.3699951
7/19/2012,137.7299957
7/20/2012,136.4700012
7/23/2012,135.0899963
7/24/2012,133.9299927
7/25/2012,133.9600067
7/26/2012,136.1699982
7/27/2012,138.6799927
7/30/2012,138.6799927
7/31/2012,137.7100067
8/1/2012,137.5899963
8/2/2012,136.6399994
8/3/2012,139.3500061
8/6/2012,139.6199951
8/7/2012,140.3200073
8/8/2012,140.4900055
8/9/2012,140.6100006
8/10/2012,140.8399963
8/13/2012,140.7700043
8/14/2012,140.7899933
8/15/2012,140.9499969
8/16/2012,141.9900055
8/17/2012,142.1799927
8/20/2012,142.1900024
8/21/2012,141.7599945
8/22/2012,141.8200073
8/23/2012,140.6600037
8/24/2012,141.5099945
8/27/2012,141.5399933
8/28/2012,141.3999939
8/29/2012,141.5099945
8/30/2012,140.4900055
8/31/2012,141.1600037
9/4/2012,141.0299988
9/5/2012,140.9100037
9/6/2012,143.7700043
9/7/2012,144.3300018
9/10/2012,143.5099945
9/11/2012,143.9100037
9/12/2012,144.3899994
9/13/2012,146.5899963
9/14/2012,147.2400055
9/17/2012,146.7400055
9/18/2012,146.6199951
9/19/2012,146.6999969
9/20/2012,146.7100067
9/21/2012,145.8699951
9/24/2012,145.6499939
9/25/2012,144.1000061
9/26/2012,143.2899933
9/27/2012,144.6399994
9/28/2012,143.9700012
10/1/2012,144.3500061
10/2/2012,144.5
10/3/2012,145.0899963
10/4/2012,146.1300049
10/5/2012,146.1399994
10/8/2012,145.6399994
10/9/2012,144.1999969
10/10/2012,143.2799988
10/11/2012,143.3600006
10/12/2012,142.8899994
10/15/2012,144.0800018
10/16/2012,145.5399933
10/17/2012,146.1999969
10/18/2012,145.8200073
10/19/2012,143.3899994
10/22/2012,143.4100037
10/23/2012,141.4199982
10/24/2012,141.0200043
10/25/2012,141.4299927
10/26/2012,141.3500061
10/31/2012,141.3500061
11/1/2012,142.8300018
11/2/2012,141.5599976
11/5/2012,141.8500061
11/6/2012,142.9600067
11/7/2012,139.7200012
11/8/2012,138.0399933
11/9/2012,138.1600037
11/12/2012,138.2700043
11/13/2012,137.7899933
11/14/2012,135.9299927
11/15/2012,135.6999969
11/16/2012,136.3699951
11/19/2012,139.1300049
11/20/2012,139.1900024
11/21/2012,139.4499969
11/23/2012,141.3500061
11/26/2012,141.0500031
11/27/2012,140.3300018
11/28/2012,141.4600067
11/29/2012,142.1199951
11/30/2012,142.1499939
12/3/2012,141.4499969
12/4/2012,141.25
12/5/2012,141.5
12/6/2012,141.9799957
12/7/2012,142.4100037
12/10/2012,142.4700012
12/11/2012,143.4400024
12/12/2012,143.5099945
12/13/2012,142.6300049
12/14/2012,142.1000061
12/17/2012,143.7700043
12/18/2012,145.3699951
12/19/2012,144.2899933
12/20/2012,145.1199951
12/21/2012,142.7899933
12/24/2012,142.3500061
12/26/2012,141.75
12/27/2012,141.5599976
12/28/2012,140.0299988
12/31/2012,142.4100037
1/2/2013,146.0599976
1/3/2013,145.7299957
1/4/2013,146.3699951
1/7/2013,145.9700012
1/8/2013,145.5500031
1/9/2013,145.9199982
1/10/2013,147.0800018
1/11/2013,147.0700073
1/14/2013,146.9700012
1/15/2013,147.0700073
1/16/2013,147.0500031
1/17/2013,148
1/18/2013,148.3300018
1/22/2013,149.1300049
1/23/2013,149.3699951
1/24/2013,149.4100037
1/25/2013,150.25
1/28/2013,150.0700073
1/29/2013,150.6600037
1/30/2013,150.0700073
1/31/2013,149.6999969
2/1/2013,151.2400055
2/4/2013,149.5399933
2/5/2013,151.0500031
2/6/2013,151.1600037
2/7/2013,150.9600067
2/8/2013,151.8000031
2/11/2013,151.7700043
2/12/2013,152.0200043
2/13/2013,152.1499939
2/14/2013,152.2899933
2/15/2013,152.1100006
2/19/2013,153.25
2/20/2013,151.3399963
2/21/2013,150.4199982
2/22/2013,151.8899994
2/25/2013,149
2/26/2013,150.0200043
2/27/2013,151.9100037
2/28/2013,151.6100006
3/1/2013,152.1100006
3/4/2013,152.9199982
3/5/2013,154.2899933
3/6/2013,154.5
3/7/2013,154.7799988
3/8/2013,155.4400024
3/11/2013,156.0299988
3/12/2013,155.6799927
3/13/2013,155.8999939
3/14/2013,156.7299957
3/15/2013,155.8300018
3/18/2013,154.9700012
3/19/2013,154.6100006
3/20/2013,155.6900024
3/21/2013,154.3600006
3/22/2013,155.6000061
3/25/2013,154.9499969
3/26/2013,156.1900024
3/27/2013,156.1900024
3/28/2013,156.6699982
4/1/2013,156.0500031
4/2/2013,156.8200073
4/3/2013,155.2299957
4/4/2013,155.8600006
4/5/2013,155.1600037
4/8/2013,156.2100067
4/9/2013,156.75
4/10/2013,158.6699982
4/11/2013,159.1900024
4/12/2013,158.8000031
4/15/2013,155.1199951
4/16/2013,157.4100037
4/17/2013,155.1100006
4/18/2013,154.1399994
4/19/2013,155.4799957
4/22/2013,156.1699982
4/23/2013,157.7799988
4/24/2013,157.8800049
4/25/2013,158.5200043
4/26/2013,158.2400055
4/29/2013,159.3000031
4/30/2013,159.6799927
5/1/2013,158.2799988
5/2/2013,159.75
5/3/2013,161.3699951
5/6/2013,161.7799988
5/7/2013,162.6000061
5/8/2013,163.3399963
5/9/2013,162.8800049
5/10/2013,163.4100037
5/13/2013,163.5399933
5/14/2013,165.2299957
5/15/2013,166.1199951
5/16/2013,165.3399963
5/17/2013,166.9400024
5/20/2013,166.9299927
5/21/2013,167.1699982
5/22/2013,165.9299927
5/23/2013,165.4499969
5/24/2013,165.3099976
5/28/2013,166.3000031
5/29/2013,165.2200012
5/30/2013,165.8300018
5/31/2013,163.4499969
6/3/2013,164.3500061
6/4/2013,163.5599976
6/5/2013,161.2700043
6/6/2013,162.7299957
6/7/2013,164.8000031
6/10/2013,164.8000031
6/11/2013,163.1000061
6/12/2013,161.75
6/13/2013,164.2100067
6/14/2013,163.1799927
6/17/2013,164.4400024
6/18/2013,165.7400055
6/19/2013,163.4499969
6/20/2013,159.3999939
6/21/2013,159.0700073
6/24/2013,157.0599976
6/25/2013,158.5700073
6/26/2013,160.1399994
6/27/2013,161.0800018
6/28/2013,160.4199982
7/1/2013,161.3600006
7/2/2013,161.2100067
7/3/2013,161.2799988
7/5/2013,163.0200043
7/8/2013,163.9499969
7/9/2013,165.1300049
7/10/2013,165.1900024
7/11/2013,167.4400024
7/12/2013,167.5099945
7/15/2013,168.1499939
7/16/2013,167.5200043
7/17/2013,167.9499969
7/18/2013,168.8699951
7/19/2013,169.1699982
7/22/2013,169.5
7/23/2013,169.1399994
7/24/2013,168.5200043
7/25/2013,168.9299927
7/26/2013,169.1100006
7/29/2013,168.5899963
7/30/2013,168.5899963
7/31/2013,168.7100067
8/1/2013,170.6600037
8/2/2013,170.9499969
8/5/2013,170.6999969
8/6/2013,169.7299957
8/7/2013,169.1799927
8/8/2013,169.8000031
8/9/2013,169.3099976
8/12/2013,169.1100006
8/13/2013,169.6100006
8/14/2013,168.7400055
8/15/2013,166.3800049
8/16/2013,165.8300018
8/19/2013,164.7700043
8/20/2013,165.5800018
8/21/2013,164.5599976
8/22/2013,166.0599976
8/23/2013,166.6199951
8/26/2013,166
8/27/2013,163.3300018
8/28/2013,163.9100037
8/29/2013,164.1699982
8/30/2013,163.6499939
9/3/2013,164.3899994
9/4/2013,165.75
9/5/2013,165.9600067
9/6/2013,166.0399933
9/9/2013,167.6300049
9/10/2013,168.8699951
9/11/2013,169.3999939
9/12/2013,168.9499969
9/13/2013,169.3300018
9/16/2013,170.3099976
9/17/2013,171.0700073
9/18/2013,173.0500031
9/19/2013,172.7599945
9/20/2013,170.7200012
9/23/2013,169.9299927
9/24/2013,169.5299988
9/25/2013,169.0399933
9/26/2013,169.6900024
9/27/2013,168.9100037
9/30/2013,168.0099945
10/1/2013,169.3399963
10/2/2013,169.1799927
10/3/2013,167.6199951
10/4/2013,168.8899994
10/7/2013,167.4299927
10/8/2013,165.4799957
10/9/2013,165.6000061
10/10/2013,169.1699982
10/11/2013,170.2599945
10/14/2013,170.9400024
10/15/2013,169.6999969
10/16/2013,172.0700073
10/17/2013,173.2200012
10/18/2013,174.3899994
10/21/2013,174.3999939
10/22/2013,175.4100037
10/23/2013,174.5700073
10/24/2013,175.1499939
10/25/2013,175.9499969
10/28/2013,176.2299957
10/29/2013,177.1699982
10/30/2013,176.2899933
10/31/2013,175.7899933
11/1/2013,176.2100067
11/4/2013,176.8300018
11/5/2013,176.2700043
11/6/2013,177.1699982
11/7/2013,174.9299927
11/8/2013,177.2899933
11/11/2013,177.3200073
11/12/2013,176.9600067
11/13/2013,178.3800049
11/14/2013,179.2700043
11/15/2013,180.0500031
11/18/2013,179.4199982
11/19/2013,179.0299988
11/20/2013,178.4700012
11/21/2013,179.9100037
11/22/2013,180.8099976
11/25/2013,180.6300049
11/26/2013,180.6799927
11/27/2013,181.1199951
11/29/2013,181
12/2/2013,180.5299988
12/3/2013,179.75
12/4/2013,179.7299957
12/5/2013,178.9400024
12/6/2013,180.9400024
12/9/2013,181.3999939
12/10/2013,180.75
12/11/2013,178.7200012
12/12/2013,178.1300049
12/13/2013,178.1100006
12/16/2013,179.2200012
12/17/2013,178.6499939
12/18/2013,181.6999969
12/19/2013,181.4900055
12/20/2013,181.5599976
12/23/2013,182.5299988
12/24/2013,182.9299927
12/26/2013,183.8600006
12/27/2013,183.8500061
12/30/2013,183.8200073
12/31/2013,184.6900024
1/2/2014,182.9199982
1/3/2014,182.8899994
1/6/2014,182.3600006
1/7/2014,183.4799957
1/8/2014,183.5200043
1/9/2014,183.6399994
1/10/2014,184.1399994
1/13/2014,181.6900024
1/14/2014,183.6699982
1/15/2014,184.6600037
1/16/2014,184.4199982
1/17/2014,183.6399994
1/21/2014,184.1799927
1/22/2014,184.3000031
1/23/2014,182.7899933
1/24/2014,178.8899994
1/27/2014,178.0099945
1/28/2014,179.0700073
1/29/2014,177.3500061
1/30/2014,179.2299957
1/31/2014,178.1799927
2/3/2014,174.1699982
2/4/2014,175.3899994
2/5/2014,175.1699982
2/6/2014,177.4799957
2/7/2014,179.6799927
2/10/2014,180.0099945
2/11/2014,181.9799957
2/12/2014,182.0700073
2/13/2014,183.0099945
2/14/2014,184.0200043
2/18/2014,184.2400055
2/19/2014,183.0200043
2/20/2014,184.1000061
2/21/2014,183.8899994
2/24/2014,184.9100037
2/25/2014,184.8399963
2/26/2014,184.8500061
2/27/2014,185.8200073
2/28/2014,186.2899933
3/3/2014,184.9799957
3/4/2014,187.5800018
3/5/2014,187.75
3/6/2014,188.1799927
3/7/2014,188.2599945
3/10/2014,188.1600037
3/11/2014,187.2299957
3/12/2014,187.2799988
3/13/2014,185.1799927
3/14/2014,184.6600037
3/17/2014,186.3300018
3/18/2014,187.6600037
3/19/2014,186.6600037
3/20/2014,187.75
3/21/2014,186.1999969
3/24/2014,185.4299927
3/25/2014,186.3099976
3/26/2014,184.9700012
3/27/2014,184.5800018
3/28/2014,185.4900055
3/31/2014,187.0099945
4/1/2014,188.25
4/2/2014,188.8800049
4/3/2014,188.6300049
4/4/2014,186.3999939
4/7/2014,184.3399963
4/8/2014,185.1000061
4/9/2014,187.0899963
4/10/2014,183.1600037
4/11/2014,181.5099945
4/14/2014,182.9400024
4/15/2014,184.1999969
4/16/2014,186.1300049
4/17/2014,186.3899994
4/21/2014,187.0399933
4/22/2014,187.8899994
4/23/2014,187.4499969
4/24/2014,187.8300018
4/25/2014,186.2899933
4/28/2014,186.8800049
4/29/2014,187.75
4/30/2014,188.3099976
5/1/2014,188.3300018
5/2/2014,188.0599976
5/5/2014,188.4199982
5/6/2014,186.7799988
5/7/2014,187.8800049
5/8/2014,187.6799927
5/9/2014,187.9600067
5/12/2014,189.7899933
5/13/2014,189.9600067
5/14/2014,189.0599976
5/15/2014,187.3999939
5/16/2014,188.0500031
5/19/2014,188.7400055
5/20/2014,187.5500031
5/21/2014,189.1300049
5/22/2014,189.5899963
5/23/2014,190.3500061
5/27/2014,191.5200043
5/28/2014,191.3800049
5/29/2014,192.3699951
5/30/2014,192.6799927
6/2/2014,192.8999939
6/3/2014,192.8000031
6/4/2014,193.1900024
6/5/2014,194.4499969
6/6/2014,195.3800049
6/9/2014,195.5800018
6/10/2014,195.6000061
6/11/2014,194.9199982
6/12/2014,193.5399933
6/13/2014,194.1300049
6/16/2014,194.2899933
6/17/2014,194.8300018
6/18/2014,196.2599945
6/19/2014,196.4799957
6/20/2014,195.9400024
6/23/2014,195.8800049
6/24/2014,194.6999969
6/25/2014,195.5800018
6/26/2014,195.4400024
6/27/2014,195.8200073
6/30/2014,195.7200012
7/1/2014,197.0299988
7/2/2014,197.2299957
7/3/2014,198.1999969
7/7/2014,197.5099945
7/8/2014,196.2400055
7/9/2014,197.1199951
7/10/2014,196.3399963
7/11/2014,196.6100006
7/14/2014,197.6000061
7/15/2014,197.2299957
7/16/2014,197.9600067
7/17/2014,195.7100067
7/18/2014,197.7100067
7/21/2014,197.3399963
7/22/2014,198.1999969
7/23/2014,198.6399994
7/24/2014,198.6499939
7/25/2014,197.7200012
7/28/2014,197.8000031
7/29/2014,196.9499969
7/30/2014,196.9799957
7/31/2014,193.0899963
8/1/2014,192.5
8/4/2014,193.8899994
8/5/2014,192.0099945
8/6/2014,192.0700073
8/7/2014,191.0299988
8/8/2014,193.2400055
8/11/2014,193.8000031
8/12/2014,193.5299988
8/13/2014,194.8399963
8/14/2014,195.7599945
8/15/2014,195.7200012
8/18/2014,197.3600006
8/19/2014,198.3899994
8/20/2014,198.9199982
8/21/2014,199.5
8/22/2014,199.1900024
8/25/2014,200.1999969
8/26/2014,200.3300018
8/27/2014,200.25
8/28/2014,200.1399994
8/29/2014,200.7100067
9/2/2014,200.6100006
9/3/2014,200.5
9/4/2014,200.2100067
9/5/2014,201.1100006
9/8/2014,200.5899963
9/9/2014,199.3200073
9/10/2014,200.0700073
9/11/2014,200.3000031
9/12/2014,199.1300049
9/15/2014,198.9799957
9/16/2014,200.4799957
9/17/2014,200.75
9/18/2014,201.8200073
9/19/2014,200.6999969
9/22/2014,199.1499939
9/23/2014,198.0099945
9/24/2014,199.5599976
9/25/2014,196.3399963
9/26/2014,197.8999939
9/29/2014,197.5399933
9/30/2014,197.0200043
10/1/2014,194.3500061
10/2/2014,194.3800049
10/3/2014,196.5200043
10/6/2014,196.2899933
10/7/2014,193.2599945
10/8/2014,196.6399994
10/9/2014,192.7400055
10/10/2014,190.5399933
10/13/2014,187.4100037
10/14/2014,187.6999969
10/15/2014,186.4299927
10/16/2014,186.2700043
10/17/2014,188.4700012
10/20/2014,190.3000031
10/21/2014,194.0700073
10/22/2014,192.6900024
10/23/2014,194.9299927
10/24/2014,196.4299927
10/27/2014,196.1600037
10/28/2014,198.4100037
10/29/2014,198.1100006
10/30/2014,199.3800049
10/31/2014,201.6600037
11/3/2014,201.7700043
11/4/2014,201.0700073
11/5/2014,202.3399963
11/6/2014,203.1499939
11/7/2014,203.3399963
11/10/2014,203.9799957
11/11/2014,204.1799927
11/12/2014,203.9600067
11/13/2014,204.1900024
11/14/2014,204.2400055
11/17/2014,204.3699951
11/18/2014,205.5500031
11/19/2014,205.2200012
11/20/2014,205.5800018
11/21/2014,206.6799927
11/24/2014,207.2599945
11/25/2014,207.1100006
11/26/2014,207.6399994
11/28/2014,207.1999969
12/1/2014,205.7599945
12/2/2014,207.0899963
12/3/2014,207.8899994
12/4/2014,207.6600037
12/5/2014,208
12/8/2014,206.6100006
12/9/2014,206.4700012
12/10/2014,203.1600037
12/11/2014,204.1900024
12/12/2014,200.8899994
12/15/2014,199.5099945
12/16/2014,197.9100037
12/17/2014,201.7899933
12/18/2014,206.7799988
12/19/2014,206.5200043
12/22/2014,207.4700012
12/23/2014,207.75
12/24/2014,207.7700043
12/26/2014,208.4400024
12/29/2014,208.7200012
12/30/2014,207.6000061
12/31/2014,205.5399933
1/2/2015,205.4299927
1/5/2015,201.7200012
1/6/2015,199.8200073
1/7/2015,202.3099976
1/8/2015,205.8999939
1/9/2015,204.25
1/12/2015,202.6499939
1/13/2015,202.0800018
1/14/2015,200.8600006
1/15/2015,199.0200043
1/16/2015,201.6300049
1/20/2015,202.0599976
1/21/2015,203.0800018
1/22/2015,206.1000061
1/23/2015,204.9700012
1/26/2015,205.4499969
1/27/2015,202.7400055
1/28/2015,200.1399994
1/29/2015,201.9900055
1/30/2015,199.4499969
2/2/2015,201.9199982
2/3/2015,204.8399963
2/4/2015,204.0599976
2/5/2015,206.1199951
2/6/2015,205.5500031
2/9/2015,204.6300049
2/10/2015,206.8099976
2/11/2015,206.9299927
2/12/2015,208.9199982
2/13/2015,209.7799988
2/17/2015,210.1100006
2/18/2015,210.1300049
2/19/2015,209.9799957
2/20/2015,211.2400055
2/23/2015,211.2100067
2/24/2015,211.8099976
2/25/2015,211.6300049
2/26/2015,211.3800049
2/27/2015,210.6600037
3/2/2015,211.9900055
3/3/2015,211.1199951
3/4/2015,210.2299957
3/5/2015,210.4600067
3/6/2015,207.5
3/9/2015,208.3600006
3/10/2015,204.9799957
3/11/2015,204.5
3/12/2015,207.1000061
3/13/2015,205.8300018
3/16/2015,208.5800018
3/17/2015,207.9600067
3/18/2015,210.4600067
3/19/2015,209.5
3/20/2015,210.4100037
3/23/2015,210
3/24/2015,208.8200073
3/25/2015,205.7599945
3/26/2015,205.2700043
3/27/2015,205.7400055
3/30/2015,208.25
3/31/2015,206.4299927
4/1/2015,205.6999969
4/2/2015,206.4400024
4/6/2015,207.8300018
4/7/2015,207.2799988
4/8/2015,207.9799957
4/9/2015,208.8999939
4/10/2015,210.0399933
4/13/2015,209.0899963
4/14/2015,209.4900055
4/15/2015,210.4299927
4/16/2015,210.3699951
4/17/2015,207.9499969
4/20/2015,209.8500061
4/21/2015,209.6000061
4/22/2015,210.6300049
4/23/2015,211.1600037
4/24/2015,211.6499939
4/27/2015,210.7700043
4/28/2015,211.4400024
4/29/2015,210.5700073
4/30/2015,208.4600067
5/1/2015,210.7200012
5/4/2015,211.3200073
5/5/2015,208.8999939
5/6/2015,208.0399933
5/7/2015,208.8699951
5/8/2015,211.6199951
5/11/2015,210.6100006
5/12/2015,209.9799957
5/13/2015,210.0200043
5/14/2015,212.2100067
5/15/2015,212.4400024
5/18/2015,213.1000061
5/19/2015,213.0299988
5/20/2015,212.8800049
5/21/2015,213.5
5/22/2015,212.9900055
5/26/2015,210.6999969
5/27/2015,212.6999969
5/28/2015,212.4600067
5/29/2015,211.1399994
6/1/2015,211.5700073
6/2/2015,211.3600006
6/3/2015,211.9199982
6/4/2015,210.1300049
6/5/2015,209.7700043
6/8/2015,208.4799957
6/9/2015,208.4499969
6/10/2015,210.9499969
6/11/2015,211.6300049
6/12/2015,210.0099945
6/15/2015,209.1100006
6/16/2015,210.25
6/17/2015,210.5899963
6/18/2015,212.7799988
6/19/2015,210.8099976
6/22/2015,211.8899994
6/23/2015,212.0399933
6/24/2015,210.5
6/25/2015,209.8600006
6/26/2015,209.8200073
6/29/2015,205.4199982
6/30/2015,205.8500061
7/1/2015,207.5
7/2/2015,207.3099976
7/6/2015,206.7200012
7/7/2015,208.0200043
7/8/2015,204.5299988
7/9/2015,204.8999939
7/10/2015,207.4799957
7/13/2015,209.7700043
7/14/2015,210.6799927
7/15/2015,210.6100006
7/16/2015,212.3000031
7/17/2015,212.4799957
7/20/2015,212.5899963
7/21/2015,211.75
7/22/2015,211.3699951
7/23/2015,210.1799927
7/24/2015,208
7/27/2015,206.7899933
7/28/2015,209.3300018
7/29/2015,210.7700043
7/30/2015,210.8200073
7/31/2015,210.5
8/3/2015,209.7899933
8/4/2015,209.3800049
8/5/2015,210.0700073
8/6/2015,208.3500061
8/7/2015,207.9499969
8/10/2015,210.5700073
8/11/2015,208.6699982
8/12/2015,208.9199982
8/13/2015,208.6600037
8/14/2015,209.4199982
8/17/2015,210.5899963
8/18/2015,209.9799957
8/19/2015,208.3200073
8/20/2015,203.9700012
8/21/2015,197.8300018
8/24/2015,189.5
8/25/2015,187.2700043
8/26/2015,194.4600067
8/27/2015,199.2700043
8/28/2015,199.2799988
8/31/2015,197.6699982
9/1/2015,191.7700043
9/2/2015,195.4100037
9/3/2015,195.5500031
9/4/2015,192.5899963
9/8/2015,197.4299927
9/9/2015,194.7899933
9/10/2015,195.8500061
9/11/2015,196.7400055
9/14/2015,196.0099945
9/15/2015,198.4600067
9/16/2015,200.1799927
9/17/2015,199.7299957
9/18/2015,195.4499969
9/21/2015,196.4600067
9/22/2015,193.9100037
9/23/2015,193.6000061
9/24/2015,192.8999939
9/25/2015,192.8500061
9/28/2015,188.0099945
9/29/2015,188.1199951
9/30/2015,191.6300049
10/1/2015,192.1300049
10/2/2015,195
10/5/2015,198.4700012
10/6/2015,197.7899933
10/7/2015,199.4100037
10/8/2015,201.2100067
10/9/2015,201.3300018
10/12/2015,201.5200043
10/13/2015,200.25
10/14/2015,199.2899933
10/15/2015,202.3500061
10/16/2015,203.2700043
10/19/2015,203.3699951
10/20/2015,203.1100006
10/21/2015,201.8500061
10/22/2015,205.2599945
10/23/2015,207.5099945
10/26/2015,207
10/27/2015,206.6000061
10/28/2015,208.9499969
10/29/2015,208.8300018
10/30/2015,207.9299927
11/2/2015,210.3899994
11/3/2015,211
11/4/2015,210.3600006
11/5/2015,210.1499939
11/6/2015,210.0399933
11/9/2015,208.0800018
11/10/2015,208.5599976
11/11/2015,207.7400055
11/12/2015,204.8399963
11/13/2015,202.5399933
11/16/2015,205.6199951
11/17/2015,205.4700012
11/18/2015,208.7299957
11/19/2015,208.5500031
11/20/2015,209.3099976
11/23/2015,209.0700073
11/24/2015,209.3500061
11/25/2015,209.3200073
11/27/2015,209.5599976
11/30/2015,208.6900024
12/1/2015,210.6799927
12/2/2015,208.5299988
12/3/2015,205.6100006
12/4/2015,209.6199951
12/7/2015,208.3500061
12/8/2015,206.9499969
12/9/2015,205.3399963
12/10/2015,205.8699951
12/11/2015,201.8800049
12/14/2015,202.8999939
12/15/2015,205.0299988
12/16/2015,208.0299988
12/17/2015,204.8600006
12/18/2015,200.0200043
12/21/2015,201.6699982
12/22/2015,203.5
12/23/2015,206.0200043
12/24/2015,205.6799927
12/28/2015,205.2100067
12/29/2015,207.3999939
12/30/2015,205.9299927
12/31/2015,203.8699951
1/4/2016,201.0200043
1/5/2016,201.3600006
1/6/2016,198.8200073
1/7/2016,194.0500031
1/8/2016,191.9199982
1/11/2016,192.1100006
1/12/2016,193.6600037
1/13/2016,188.8300018
1/14/2016,191.9299927
1/15/2016,187.8099976
1/19/2016,188.0599976
1/20/2016,185.6499939
1/21/2016,186.6900024
1/22/2016,190.5200043
1/25/2016,187.6399994
1/26/2016,190.1999969
1/27/2016,188.1300049
1/28/2016,189.1100006
1/29/2016,193.7200012
2/1/2016,193.6499939
2/2/2016,190.1600037
2/3/2016,191.3000031
2/4/2016,191.6000061
2/5/2016,187.9499969
2/8/2016,185.4199982
2/9/2016,185.4299927
2/10/2016,185.2700043
2/11/2016,182.8600006
2/12/2016,186.6300049
2/16/2016,189.7799988
2/17/2016,192.8800049
2/18/2016,192.0899963
2/19/2016,192
2/22/2016,194.7799988
2/23/2016,192.3200073
2/24/2016,193.1999969
2/25/2016,195.5399933
2/26/2016,195.0899963
2/29/2016,193.5599976
3/1/2016,198.1100006
3/2/2016,199
3/3/2016,199.7799988
3/4/2016,200.4299927
3/7/2016,200.5899963
3/8/2016,198.3999939
3/9/2016,199.3800049
3/10/2016,199.5399933
3/11/2016,202.7599945
3/14/2016,202.5
3/15/2016,202.1699982
3/16/2016,203.3399963
3/17/2016,204.6300049
3/18/2016,204.3800049
3/21/2016,204.6699982
3/22/2016,204.5599976
3/23/2016,203.2100067
3/24/2016,203.1199951
3/28/2016,203.2400055
3/29/2016,205.1199951
3/30/2016,206.0200043
3/31/2016,205.5200043
4/1/2016,206.9199982
4/4/2016,206.25
4/5/2016,204.1900024
4/6/2016,206.4199982
4/7/2016,203.9499969
4/8/2016,204.5
4/11/2016,204.0200043
4/12/2016,205.9199982
4/13/2016,208
4/14/2016,208.0099945
4/15/2016,207.7799988
4/18/2016,209.2400055
4/19/2016,209.8999939
4/20/2016,210.1000061
4/21/2016,208.9700012
4/22/2016,208.9700012
4/25/2016,208.6100006
4/26/2016,208.9199982
4/27/2016,209.3500061
4/28/2016,207.4499969
4/29/2016,206.3300018
5/2/2016,207.9700012
5/3/2016,206.1600037
5/4/2016,205.0099945
5/5/2016,204.9700012
5/6/2016,205.7200012
5/9/2016,205.8899994
5/10/2016,208.4499969
5/11/2016,206.5
5/12/2016,206.5599976
5/13/2016,204.7599945
5/16/2016,206.7799988
5/17/2016,204.8500061
5/18/2016,204.9100037
5/19/2016,204.1999969
5/20/2016,205.4900055
5/23/2016,205.2100067
5/24/2016,207.8699951
5/25/2016,209.2799988
5/26/2016,209.3399963
5/27/2016,210.2400055
5/31/2016,209.8399963
6/1/2016,210.2700043
6/2/2016,210.9100037
6/3/2016,210.2799988
6/6/2016,211.3500061
6/7/2016,211.6799927
6/8/2016,212.3699951
6/9/2016,212.0800018
6/10/2016,210.0700073
6/13/2016,208.4499969
6/14/2016,208.0399933
6/15/2016,207.75
6/16/2016,208.3699951
6/17/2016,206.5200043
6/20/2016,207.8500061
6/21/2016,208.4400024
6/22/2016,208.1000061
6/23/2016,210.8099976
6/24/2016,203.2400055
6/27/2016,199.6000061
6/28/2016,203.1999969
6/29/2016,206.6600037
6/30/2016,209.4799957
7/1/2016,209.9199982
7/5/2016,208.4100037
7/6/2016,209.6600037
7/7/2016,209.5299988
7/8/2016,212.6499939
7/11/2016,213.3999939
7/12/2016,214.9499969
7/13/2016,214.9199982
7/14/2016,216.1199951
7/15/2016,215.8300018
7/18/2016,216.4100037
7/19/2016,216.1900024
7/20/2016,217.0899963
7/21/2016,216.2700043
7/22/2016,217.2400055
7/25/2016,216.6499939
7/26/2016,216.75
7/27/2016,216.5200043
7/28/2016,216.7700043
7/29/2016,217.1199951
8/1/2016,216.9400024
8/2/2016,215.5500031
8/3/2016,216.1799927
8/4/2016,216.4100037
8/5/2016,218.1799927
8/8/2016,218.0500031
8/9/2016,218.1799927
8/10/2016,217.6399994
8/11/2016,218.6499939
8/12/2016,218.4600067
8/15/2016,219.0899963
8/16/2016,217.9600067
8/17/2016,218.3699951
8/18/2016,218.8600006
8/19/2016,218.5399933
8/22/2016,218.5299988
8/23/2016,218.9700012
8/24/2016,217.8500061
8/25/2016,217.6999969
8/26/2016,217.2899933
8/29/2016,218.3600006
8/30/2016,218
8/31/2016,217.3800049
9/1/2016,217.3899994
9/2/2016,218.3699951
9/6/2016,219.0299988
9/7/2016,219.0099945
9/8/2016,218.5099945
9/9/2016,213.2799988
9/12/2016,216.3399963
9/13/2016,213.2299957
9/14/2016,213.1499939
9/15/2016,215.2799988
9/16/2016,213.3699951
9/19/2016,213.4100037
9/20/2016,213.4199982
9/21/2016,215.8200073
9/22/2016,217.1799927
9/23/2016,215.9900055
9/26/2016,214.2400055
9/27/2016,215.5700073
9/28/2016,216.6399994
9/29/2016,214.6799927
9/30/2016,216.3000031
10/3/2016,215.7799988
10/4/2016,214.6799927
10/5/2016,215.6300049
10/6/2016,215.7799988
10/7/2016,215.0399933
10/10/2016,216.1600037
10/11/2016,213.4299927
10/12/2016,213.7100067
10/13/2016,213.0099945
10/14/2016,213.1199951
10/17/2016,212.3800049
10/18/2016,213.7100067
10/19/2016,214.2799988
10/20/2016,213.8800049
10/21/2016,213.9799957
10/24/2016,214.8899994
10/25/2016,214.1699982
10/26/2016,213.7400055
10/27/2016,213.1699982
10/28/2016,212.5399933
10/31/2016,212.5500031
11/1/2016,211.0099945
11/2/2016,209.7400055
11/3/2016,208.7799988
11/4/2016,208.5500031
11/7/2016,213.1499939
11/8/2016,214.1100006
11/9/2016,216.3800049
11/10/2016,216.9199982
11/11/2016,216.4199982
11/14/2016,216.5899963
11/15/2016,218.2799988
11/16/2016,217.8699951
11/17/2016,218.9900055
11/18/2016,218.5
11/21/2016,220.1499939
11/22/2016,220.5800018
11/23/2016,220.6999969
11/25/2016,221.5200043
11/28/2016,220.4799957
11/29/2016,220.9100037
11/30/2016,220.3800049
12/1/2016,219.5700073
12/2/2016,219.6799927
12/5/2016,221
12/6/2016,221.6999969
12/7/2016,224.6000061
12/8/2016,225.1499939
12/9/2016,226.5099945
12/12/2016,226.25
12/13/2016,227.7599945
12/14/2016,225.8800049
12/15/2016,226.8099976
12/16/2016,225.0399933
12/19/2016,225.5299988
12/20/2016,226.3999939
12/21/2016,225.7700043
12/22/2016,225.3800049
12/23/2016,225.7100067
12/27/2016,226.2700043
12/28/2016,224.3999939
12/29/2016,224.3500061
12/30/2016,223.5299988
1/3/2017,225.2400055
1/4/2017,226.5800018
1/5/2017,226.3999939
1/6/2017,227.2100067
1/9/2017,226.4600067
1/10/2017,226.4600067
1/11/2017,227.1000061
1/12/2017,226.5299988
1/13/2017,227.0500031
1/17/2017,226.25
1/18/2017,226.75
1/19/2017,225.9100037
1/20/2017,226.7400055
1/23/2017,226.1499939
1/24/2017,227.6000061
1/25/2017,229.5700073
1/26/2017,229.3300018
1/27/2017,228.9700012
1/30/2017,227.5500031
1/31/2017,227.5299988
2/1/2017,227.6199951
2/2/2017,227.7700043
2/3/2017,229.3399963
2/6/2017,228.9299927
2/7/2017,228.9400024
2/8/2017,229.2400055
2/9/2017,230.6000061
2/10/2017,231.5099945
2/13/2017,232.7700043
2/14/2017,233.6999969
2/15/2017,234.9199982
2/16/2017,234.7200012
2/17/2017,235.0899963
2/21/2017,236.4900055
2/22/2017,236.2799988
2/23/2017,236.4400024
2/24/2017,236.7400055
2/27/2017,237.1100006
2/28/2017,236.4700012
3/1/2017,239.7799988
3/2/2017,238.2700043
3/3/2017,238.4199982
3/6/2017,237.7100067
3/7/2017,237
3/8/2017,236.5599976
3/9/2017,236.8600006
3/10/2017,237.6900024
3/13/2017,237.8099976
3/14/2017,236.8999939
3/15/2017,238.9499969
3/16/2017,238.4799957
3/17/2017,237.0299988
3/20/2017,236.7700043
3/21/2017,233.7299957
3/22/2017,234.2799988
3/23/2017,234.0299988
3/24/2017,233.8600006
3/27/2017,233.6199951
3/28/2017,235.3200073
3/29/2017,235.5399933
3/30/2017,236.2899933
3/31/2017,235.7400055
4/3/2017,235.3300018
4/4/2017,235.4799957
4/5/2017,234.7799988
4/6/2017,235.4400024
4/7/2017,235.1999969
4/10/2017,235.3399963
4/11/2017,235.0599976
4/12/2017,234.0299988
4/13/2017,232.5099945
4/17/2017,234.5700073
4/18/2017,233.8699951
4/19/2017,233.4400024
4/20/2017,235.3399963
4/21/2017,234.5899963
4/24/2017,237.1699982
4/25/2017,238.5500031
4/26/2017,238.3999939
4/27/2017,238.6000061
4/28/2017,238.0800018
5/1/2017,238.6799927
5/2/2017,238.7700043
5/3/2017,238.4799957
5/4/2017,238.7599945
5/5/2017,239.6999969
5/8/2017,239.6600037
5/9/2017,239.4400024
5/10/2017,239.8699951
5/11/2017,239.3800049
5/12/2017,238.9799957
5/15/2017,240.3000031
5/16/2017,240.0800018
5/17/2017,235.8200073
5/18/2017,236.7700043
5/19/2017,238.3099976
5/22/2017,239.5200043
5/23/2017,240.0500031
5/24/2017,240.6100006
5/25/2017,241.7599945
5/26/2017,241.7100067
5/30/2017,241.5
5/31/2017,241.4400024
6/1/2017,243.3600006
6/2/2017,244.1699982
6/5/2017,243.9900055
6/6/2017,243.2100067
6/7/2017,243.6600037
6/8/2017,243.7799988
6/9/2017,243.4100037
6/12/2017,243.3600006
6/13/2017,244.5500031
6/14/2017,244.2400055
6/15/2017,243.7700043
6/16/2017,242.6399994
6/19/2017,244.6600037
6/20/2017,243.0099945
6/21/2017,242.9499969
6/22/2017,242.8399963
6/23/2017,243.1300049
6/26/2017,243.2899933
6/27/2017,241.3300018
6/28/2017,243.4900055
6/29/2017,241.3500061
6/30/2017,241.8000031
7/3/2017,242.2100067
7/5/2017,242.7700043
7/6/2017,240.5500031
7/7/2017,242.1100006
7/10/2017,242.3699951
7/11/2017,242.1900024
7/12/2017,244.0099945
7/13/2017,244.4199982
7/14/2017,245.5599976
7/17/2017,245.5299988
7/18/2017,245.6600037
7/19/2017,246.9900055
7/20/2017,247.1000061
7/21/2017,246.8800049
7/24/2017,246.8200073
7/25/2017,247.4199982
7/26/2017,247.4299927
7/27/2017,247.1999969
7/28/2017,246.9100037
7/31/2017,246.7700043
8/1/2017,247.3200073
8/2/2017,247.4400024
8/3/2017,246.9600067
8/4/2017,247.4100037
8/7/2017,247.8699951
8/8/2017,247.2599945
8/9/2017,247.25
8/10/2017,243.7599945
8/11/2017,244.1199951
8/14/2017,246.5399933
8/15/2017,246.5099945
8/16/2017,246.9400024
8/17/2017,243.0899963
8/18/2017,242.7100067
8/21/2017,242.8999939
8/22/2017,245.4400024
8/23/2017,244.5599976
8/24/2017,243.9900055
8/25/2017,244.5599976
8/28/2017,244.5700073
8/29/2017,244.8500061
8/30/2017,246.0099945
8/31/2017,247.4900055
9/1/2017,247.8399963
9/5/2017,246.0599976
9/6/2017,246.8999939
9/7/2017,246.8699951
9/8/2017,246.5800018
9/11/2017,249.2100067
9/12/2017,250.0500031
9/13/2017,250.1699982
9/14/2017,250.0899963
9/15/2017,249.1900024
9/18/2017,249.7200012
9/19/2017,249.9700012
9/20/2017,250.0599976
9/21/2017,249.3899994
9/22/2017,249.4400024
9/25/2017,248.9299927
9/26/2017,249.0800018
9/27/2017,250.0500031
9/28/2017,250.3500061
9/29/2017,251.2299957
10/2/2017,252.3200073
10/3/2017,252.8600006
10/4/2017,253.1600037
10/5/2017,254.6600037
10/6/2017,254.3699951
10/9/2017,253.9499969
10/10/2017,254.6199951
10/11/2017,255.0200043
10/12/2017,254.6399994
10/13/2017,254.9499969
10/16/2017,255.2899933
10/17/2017,255.4700012
10/18/2017,255.7200012
10/19/2017,255.7899933
10/20/2017,257.1099854
10/23/2017,256.1099854
10/24/2017,256.5599976
10/25/2017,255.2899933
10/26/2017,255.6199951
10/27/2017,257.7099915
10/30/2017,256.75
10/31/2017,257.1499939
11/1/2017,257.4899902
11/2/2017,257.5899963
11/3/2017,258.4500122
11/6/2017,258.8500061
11/7/2017,258.6700134
11/8/2017,259.1099854
11/9/2017,258.1700134
11/10/2017,258.0899963
11/13/2017,258.3299866
11/14/2017,257.730011
11/15/2017,256.4400024
11/16/2017,258.6199951
11/17/2017,257.8599854
11/20/2017,258.2999878
11/21/2017,259.9899902
11/22/2017,259.7600098
11/24/2017,260.3599854
11/27/2017,260.230011
11/28/2017,262.8699951
11/29/2017,262.7099915
11/30/2017,265.0100098
12/1/2017,264.4599915
12/4/2017,264.1400146
12/5/2017,263.1900024
12/6/2017,263.2399902
12/7/2017,264.0700073
12/8/2017,265.5100098
12/11/2017,266.3099976
12/12/2017,266.7799988
12/13/2017,266.75
12/14/2017,265.6600037
12/15/2017,266.5100098
12/18/2017,268.2000122
12/19/2017,267.1700134
12/20/2017,267.0299988
12/21/2017,267.5799866
12/22/2017,267.5100098
12/26/2017,267.1900024
12/27/2017,267.3200073
12/28/2017,267.8699951
12/29/2017,266.8599854
1/2/2018,268.769989
1/3/2018,270.4700012
1/4/2018,271.6099854
1/5/2018,273.4200134
1/8/2018,273.9200134
1/9/2018,274.5400085
1/10/2018,274.1199951
1/11/2018,276.1199951
1/12/2018,277.9200134
1/16/2018,276.9700012
1/17/2018,279.6099854
1/18/2018,279.1400146
1/19/2018,280.4100037
1/22/2018,282.6900024
1/23/2018,283.2900085
1/24/2018,283.1799927
1/25/2018,283.2999878
1/26/2018,286.5799866
1/29/2018,284.6799927
1/30/2018,281.7600098
1/31/2018,281.8999939
2/1/2018,281.5799866
2/2/2018,275.4500122
2/5/2018,263.9299927
2/6/2018,269.1300049
2/7/2018,267.6700134
2/8/2018,257.6300049
2/9/2018,261.5
2/12/2018,265.3399963
2/13/2018,266
2/14/2018,269.5899963
2/15/2018,273.0299988
2/16/2018,273.1099854
2/20/2018,271.3999939
2/21/2018,270.0499878
2/22/2018,270.3999939
2/23/2018,274.7099915
2/26/2018,277.8999939
2/27/2018,274.4299927
2/28/2018,271.6499939
3/1/2018,267.7000122
3/2/2018,269.0799866
3/5/2018,272.1900024
3/6/2018,272.8800049
3/7/2018,272.7799988
3/8/2018,274.1000061
3/9/2018,278.8699951
3/12/2018,278.519989
3/13/2018,276.7200012
3/14/2018,275.2999878
3/15/2018,275
3/16/2018,274.2000122
3/19/2018,270.4899902
3/20/2018,270.9500122
3/21/2018,270.4299927
3/22/2018,263.6700134
3/23/2018,258.0499878
3/26/2018,265.1099854
3/27/2018,260.6000061
3/28/2018,259.8299866
3/29/2018,263.1499939
4/2/2018,257.4700012
4/3/2018,260.769989
4/4/2018,263.5599976
4/5/2018,265.6400146
4/6/2018,259.7200012
4/9/2018,261
4/10/2018,265.1499939
4/11/2018,263.7600098
4/12/2018,265.9299927
4/13/2018,265.1499939
4/16/2018,267.3299866
4/17/2018,270.1900024
4/18/2018,270.3900146
4/19/2018,268.8900146
4/20/2018,266.6099854
4/23/2018,266.5700073
4/24/2018,262.980011
4/25/2018,263.6300049
4/26/2018,266.3099976
4/27/2018,266.5599976
4/30/2018,264.5100098
5/1/2018,264.980011
5/2/2018,263.2000122
5/3/2018,262.6199951
5/4/2018,266.019989
5/7/2018,266.9200134
5/8/2018,266.9200134
5/9/2018,269.5
5/10/2018,272.019989
5/11/2018,272.8500061
5/14/2018,272.980011
5/15/2018,271.1000061
5/16/2018,272.2399902
5/17/2018,272.0100098
5/18/2018,271.3299866
5/21/2018,273.3699951
5/22/2018,272.6099854
5/23/2018,273.3599854
5/24/2018,272.7999878
5/25/2018,272.1499939
5/29/2018,269.019989
5/30/2018,272.6099854
5/31/2018,270.9400024
6/1/2018,273.6000061
6/4/2018,274.8999939
6/5/2018,275.1000061
6/6/2018,277.3999939
6/7/2018,277.3699951
6/8/2018,278.1900024
6/11/2018,278.5599976
6/12/2018,278.9200134
6/13/2018,278.0299988
6/14/2018,278.730011
6/15/2018,277.1300049
6/18/2018,276.5599976
6/19/2018,275.5
6/20/2018,275.9700012
6/21/2018,274.2399902
6/22/2018,274.7399902
6/25/2018,271
6/26/2018,271.6000061
6/27/2018,269.3500061
6/28/2018,270.8900146
6/29/2018,271.2799988
7/2/2018,271.8599854
7/3/2018,270.8999939
7/5/2018,273.1099854
7/6/2018,275.4200134
7/9/2018,277.8999939
7/10/2018,278.8999939
7/11/2018,276.8599854
7/12/2018,279.3699951
7/13/2018,279.5899963
7/16/2018,279.3399963
7/17/2018,280.4700012
7/18/2018,281.0599976
7/19/2018,280
7/20/2018,279.6799927
7/23/2018,280.2000122
7/24/2018,281.6099854
7/25/2018,284.0100098
7/26/2018,283.3399963
7/27/2018,281.4200134
7/30/2018,279.9500122
7/31/2018,281.3299866
8/1/2018,280.8599854
8/2/2018,282.3900146
8/3/2018,283.6000061
8/6/2018,284.6400146
8/7/2018,285.5799866
8/8/2018,285.4599915
8/9/2018,285.0700073
8/10/2018,283.1600037
8/13/2018,282.1000061
8/14/2018,283.8999939
8/15/2018,281.7799988
8/16/2018,284.0599976
8/17/2018,285.0599976
8/20/2018,285.6700134
8/21/2018,286.3399963
8/22/2018,286.1700134
8/23/2018,285.7900085
8/24/2018,287.5100098
8/27/2018,289.7799988
8/28/2018,289.9200134
8/29/2018,291.480011
8/30/2018,290.2999878
8/31/2018,290.3099976
9/4/2018,289.8099976
9/5/2018,289.0299988
9/6/2018,288.1600037
9/7/2018,287.6000061
9/10/2018,288.1000061
9/11/2018,289.0499878
9/12/2018,289.1199951
9/13/2018,290.8299866
9/14/2018,290.8800049
9/17/2018,289.3399963
9/18/2018,290.9100037
9/19/2018,291.2200012
9/20/2018,293.5799866
9/21/2018,291.9899902
9/24/2018,291.019989
9/25/2018,290.75
9/26/2018,289.8800049
9/27/2018,290.6900024
9/28/2018,290.7200012
10/1/2018,291.730011
10/2/2018,291.5599976
10/3/2018,291.7200012
10/4/2018,289.4400024
10/5/2018,287.8200073
10/8/2018,287.8200073
10/9/2018,287.3999939
10/10/2018,278.2999878
10/11/2018,272.1700134
10/12/2018,275.9500122
10/15/2018,274.3999939
10/16/2018,280.3999939
10/17/2018,280.4500122
10/18/2018,276.3999939
10/19/2018,276.25
10/22/2018,275.0100098
10/23/2018,273.6099854
10/24/2018,265.3200073
10/25/2018,270.0799866
10/26/2018,265.3299866
10/29/2018,263.8599854
10/30/2018,267.769989
10/31/2018,270.6300049
11/1/2018,273.5100098
11/2/2018,271.8900146
11/5/2018,273.3900146
11/6/2018,275.1199951
11/7/2018,281.0100098
11/8/2018,280.5
11/9/2018,277.7600098
11/12/2018,272.5700073
11/13/2018,272.0599976
11/14/2018,270.2000122
11/15/2018,273.019989
11/16/2018,273.730011
11/19/2018,269.1000061
11/20/2018,264.1199951
11/21/2018,265.019989
11/23/2018,263.25
11/26/2018,267.5
11/27/2018,268.3999939
11/28/2018,274.5799866
11/29/2018,273.980011
11/30/2018,275.6499939
12/3/2018,279.2999878
12/4/2018,270.25
12/6/2018,269.8399963
12/7/2018,263.5700073
12/10/2018,264.0700073
12/11/2018,264.1300049
12/12/2018,265.4599915
12/13/2018,265.3699951
12/14/2018,260.4700012
12/17/2018,255.3600006
12/18/2018,255.0800018
12/19/2018,251.2599945
12/20/2018,247.1699982
12/21/2018,240.6999969
12/24/2018,234.3399963
12/26/2018,246.1799927
12/27/2018,248.0700073
12/28/2018,247.75
12/31/2018,249.9199982
1/2/2019,250.1799927
1/3/2019,244.2100067
1/4/2019,252.3899994
1/7/2019,254.3800049
1/8/2019,256.769989
1/9/2019,257.9700012
1/10/2019,258.8800049
1/11/2019,258.980011
1/14/2019,257.3999939
1/15/2019,260.3500061
1/16/2019,260.980011
1/17/2019,262.9599915
1/18/2019,266.4599915
1/22/2019,262.8599854
1/23/2019,263.4100037
1/24/2019,263.5499878
1/25/2019,265.7799988
1/28/2019,263.7600098
1/29/2019,263.4100037
1/30/2019,267.5799866
1/31/2019,269.9299927
2/1/2019,270.0599976
2/4/2019,271.9599915
2/5/2019,273.1000061
2/6/2019,272.7399902
2/7/2019,270.1400146
2/8/2019,270.4700012
2/11/2019,270.6199951
2/12/2019,274.1000061
2/13/2019,274.9899902
2/14/2019,274.3800049
2/15/2019,277.3699951
2/19/2019,277.8500061
2/20/2019,278.4100037
2/21/2019,277.4200134
2/22/2019,279.1400146
2/25/2019,279.519989
2/26/2019,279.3200073
2/27/2019,279.2000122
2/28/2019,278.6799927
3/1/2019,280.4200134
3/4/2019,279.3999939
3/5/2019,279.019989
3/6/2019,277.3299866
3/7/2019,275.0100098
3/8/2019,274.4599915
3/11/2019,278.4400024
3/12/2019,279.4899902
3/13/2019,281.3399963
3/14/2019,281.1600037
3/15/2019,281.3099976
3/18/2019,282.3299866
3/19/2019,282.3999939
3/20/2019,281.5499878
3/21/2019,284.730011
3/22/2019,279.25
3/25/2019,279.0400085
3/26/2019,281.1199951
3/27/2019,279.6499939
3/28/2019,280.7099915
3/29/2019,282.480011
4/1/2019,285.8299866
4/2/2019,285.9700012
4/3/2019,286.4200134
4/4/2019,287.1799927
4/5/2019,288.5700073
4/8/2019,288.7900085
4/9/2019,287.3099976
4/10/2019,288.2900085
4/11/2019,288.2099915
4/12/2019,290.1600037
4/15/2019,289.9700012
4/16/2019,290.1600037
4/17/2019,289.4500122
4/18/2019,290.019989
4/22/2019,290.269989
4/23/2019,292.8800049
4/24/2019,292.230011
4/25/2019,292.0499878
4/26/2019,293.4100037
4/29/2019,293.8699951
4/30/2019,294.019989
5/1/2019,291.8099976
5/2/2019,291.1799927
5/3/2019,294.0299988
5/6/2019,292.8200073
5/7/2019,287.9299927
5/8/2019,287.5299988
5/9/2019,286.6600037
5/10/2019,288.1000061
5/13/2019,280.8599854
5/14/2019,283.3999939
5/15/2019,285.0599976
5/16/2019,287.7000122
5/17/2019,285.8399963
5/20/2019,283.9500122
5/21/2019,286.5100098
5/22/2019,285.6300049
5/23/2019,282.1400146
5/24/2019,282.7799988
5/28/2019,280.1499939
5/29/2019,278.269989
5/30/2019,279.0299988
5/31/2019,275.269989
6/3/2019,274.5700073
6/4/2019,280.5299988
6/5/2019,282.9599915
6/6/2019,284.7999878
6/7/2019,287.6499939
6/10/2019,288.9700012
6/11/2019,288.8999939
6/12/2019,288.3900146
6/13/2019,289.5799866
6/14/2019,289.2600098
6/17/2019,289.3699951
6/18/2019,292.3999939
6/19/2019,293.0599976
6/20/2019,295.8599854
6/21/2019,294
6/24/2019,293.6400146
6/25/2019,290.7600098
6/26/2019,290.4700012
6/27/2019,291.5
6/28/2019,293
7/1/2019,295.6600037
7/2/2019,296.4299927
7/3/2019,298.7999878
7/5/2019,298.4599915
7/8/2019,296.8200073
7/9/2019,297.1900024
7/10/2019,298.6099854
7/11/2019,299.3099976
7/12/2019,300.6499939
7/15/2019,300.75
7/16/2019,299.7799988
7/17/2019,297.7399902
7/18/2019,298.8299866
7/19/2019,297.1700134
7/22/2019,297.8999939
7/23/2019,300.0299988
7/24/2019,301.4400024
7/25/2019,300
7/26/2019,302.0100098
7/29/2019,301.4599915
7/30/2019,300.7200012
7/31/2019,297.4299927
8/1/2019,294.8399963
8/2/2019,292.6199951
8/5/2019,283.8200073
8/6/2019,287.7999878
8/7/2019,287.9700012
8/8/2019,293.6199951
8/9/2019,291.6199951
8/12/2019,288.0700073
8/13/2019,292.5499878
8/14/2019,283.8999939
8/15/2019,284.6499939
8/16/2019,288.8500061
8/19/2019,292.3299866
8/20/2019,290.0899963
8/21/2019,292.4500122
8/22/2019,292.3599854
8/23/2019,284.8500061
8/26/2019,288
8/27/2019,286.8699951
8/28/2019,288.8900146
8/29/2019,292.5799866
8/30/2019,292.4500122
9/3/2019,290.7399902
9/4/2019,294.0400085
9/5/2019,297.8200073
9/6/2019,298.0499878
9/9/2019,298.2000122
9/10/2019,298.1300049
9/11/2019,300.25
9/12/2019,301.2900085
9/13/2019,301.0899963
9/16/2019,300.1600037
9/17/2019,300.9200134
9/18/2019,301.1000061
9/19/2019,301.0799866
9/20/2019,298.2799988
9/23/2019,298.2099915
9/24/2019,295.8699951
9/25/2019,297.6199951
9/26/2019,297
9/27/2019,295.3999939
9/30/2019,296.769989
10/1/2019,293.2399902
10/2/2019,288.0599976
10/3/2019,290.4200134
10/4/2019,294.3500061
10/7/2019,293.0799866
10/8/2019,288.5299988
10/9/2019,291.269989
10/10/2019,293.2399902
10/11/2019,296.2799988
10/14/2019,295.9500122
10/15/2019,298.8800049
10/16/2019,298.3999939
10/17/2019,299.2799988
10/18/2019,297.9700012
10/21/2019,299.9899902
10/22/2019,299.0100098
10/23/2019,299.8800049
10/24/2019,300.3699951
10/25/2019,301.6000061
10/28/2019,303.2999878
10/29/2019,303.2099915
10/30/2019,304.1400146
10/31/2019,303.3299866
11/1/2019,306.1400146
11/4/2019,307.3699951
11/5/2019,307.0299988
11/6/2019,307.1000061
11/7/2019,308.1799927
11/8/2019,308.9400024
11/11/2019,308.3500061
11/12/2019,309
11/13/2019,309.1000061
11/14/2019,309.5499878
11/15/2019,311.7900085
11/18/2019,312.019989
11/19/2019,311.9299927
11/20/2019,310.769989
11/21/2019,310.269989
11/22/2019,310.9599915
11/25/2019,313.3699951
11/26/2019,314.0799866
11/27/2019,315.480011
11/29/2019,314.3099976
12/2/2019,311.6400146
12/3/2019,309.5499878
12/4/2019,311.4599915
12/5/2019,312.019989
12/6/2019,314.8699951
12/9/2019,313.8800049
12/10/2019,313.5299988
12/11/2019,314.4200134
12/12/2019,317.1300049
12/13/2019,317.3200073
12/16/2019,319.5
12/17/2019,319.5700073
12/18/2019,319.5899963
12/19/2019,320.8999939
12/20/2019,320.730011
12/23/2019,321.2200012
12/24/2019,321.230011
12/26/2019,322.9400024
12/27/2019,322.8599854
12/30/2019,321.0799866
12/31/2019,321.8599854
1/2/2020,324.8699951
1/3/2020,322.4100037
1/6/2020,323.6400146
1/7/2020,322.730011
1/8/2020,324.4500122
1/9/2020,326.6499939
1/10/2020,325.7099915
1/13/2020,327.9500122
1/14/2020,327.4500122
1/15/2020,328.1900024
1/16/2020,330.9200134
1/17/2020,331.9500122
1/21/2020,331.2999878
1/22/2020,331.3399963
1/23/2020,331.7200012
1/24/2020,328.769989
1/27/2020,323.5
1/28/2020,326.8900146
1/29/2020,326.6199951
1/30/2020,327.6799927
1/31/2020,321.730011
2/3/2020,324.1199951
2/4/2020,329.0599976
2/5/2020,332.8599854
2/6/2020,333.980011
2/7/2020,332.2000122
2/10/2020,334.6799927
2/11/2020,335.2600098
2/12/2020,337.4200134
2/13/2020,337.0599976
2/14/2020,337.6000061
2/18/2020,336.730011
2/19/2020,338.3399963
2/20/2020,336.9500122
2/21/2020,333.480011
2/24/2020,322.4200134
2/25/2020,312.6499939
2/26/2020,311.5
2/27/2020,297.5100098
2/28/2020,296.2600098
3/2/2020,309.0899963
3/3/2020,300.2399902
3/4/2020,312.8599854
3/5/2020,302.4599915
3/6/2020,297.4599915
3/9/2020,274.230011
3/10/2020,288.4200134
3/11/2020,274.3599854
3/12/2020,248.1100006
3/13/2020,269.3200073
3/16/2020,239.8500061
3/17/2020,252.8000031
3/18/2020,240
3/19/2020,240.5099945
3/20/2020,228.8000031
3/23/2020,222.9499969
3/24/2020,243.1499939
3/25/2020,246.7899933
3/26/2020,261.2000122
3/27/2020,253.4199982
3/30/2020,261.6499939
3/31/2020,257.75
4/1/2020,246.1499939
4/2/2020,251.8300018
4/3/2020,248.1900024
4/6/2020,264.8599854
4/7/2020,265.1300049
4/8/2020,274.0299988
4/9/2020,278.2000122
4/13/2020,275.6600037
4/14/2020,283.7900085
4/15/2020,277.7600098
4/16/2020,279.1000061
4/17/2020,286.6400146
4/20/2020,281.5899963
4/21/2020,273.0400085
4/22/2020,279.1000061
4/23/2020,279.0799866
4/24/2020,282.9700012
4/27/2020,287.0499878
4/28/2020,285.730011
4/29/2020,293.2099915
4/30/2020,290.480011
5/1/2020,282.7900085
5/4/2020,283.5700073
5/5/2020,286.1900024
5/6/2020,284.25
5/7/2020,287.6799927
5/8/2020,292.4400024
5/11/2020,292.5
5/12/2020,286.6700134
5/13/2020,281.6000061
5/14/2020,284.9700012
5/15/2020,286.2799988
5/18/2020,295
5/19/2020,291.9700012
5/20/2020,296.9299927
5/21/2020,294.8800049
5/22/2020,295.4400024
5/26/2020,299.0799866
5/27/2020,303.5299988
5/28/2020,302.9700012
5/29/2020,304.3200073
6/1/2020,305.5499878
6/2/2020,308.0799866
6/3/2020,312.1799927
6/4/2020,311.3599854
6/5/2020,319.3399963
6/8/2020,323.2000122
6/9/2020,320.7900085
6/10/2020,319
6/11/2020,300.6099854
6/12/2020,304.2099915
6/15/2020,307.0499878
6/16/2020,312.9599915
6/17/2020,311.6600037
6/18/2020,311.7799988
6/19/2020,308.6400146
6/22/2020,310.6199951
6/23/2020,312.0499878
6/24/2020,304.0899963
6/25/2020,307.3500061
6/26/2020,300.0499878
6/29/2020,304.4599915
6/30/2020,308.3599854
7/1/2020,310.519989
7/2/2020,312.230011
7/6/2020,317.0499878
7/7/2020,313.7799988
7/8/2020,316.1799927
7/9/2020,314.3800049
7/10/2020,317.5899963
7/13/2020,314.8399963
7/14/2020,318.9200134
7/15/2020,321.8500061
7/16/2020,320.7900085
7/17/2020,321.7200012
7/20/2020,324.3200073
7/21/2020,325.0100098
7/22/2020,326.8599854
7/23/2020,322.9599915
7/24/2020,320.8800049
7/27/2020,323.2200012
7/28/2020,321.1700134
7/29/2020,325.1199951
7/30/2020,323.9599915
7/31/2020,326.519989
8/3/2020,328.7900085
8/4/2020,330.0599976
8/5/2020,332.1099854
8/6/2020,334.3299866
8/7/2020,334.5700073
8/10/2020,335.5700073
8/11/2020,332.7999878
8/12/2020,337.4400024
8/13/2020,336.8299866
8/14/2020,336.8399963
8/17/2020,337.9100037
8/18/2020,338.6400146
8/19/2020,337.230011
8/20/2020,338.2799988
8/21/2020,339.480011
8/24/2020,342.9200134
8/25/2020,344.1199951
8/26/2020,347.5700073
8/27/2020,348.3299866
8/28/2020,350.5799866
8/31/2020,349.3099976
9/1/2020,352.6000061
9/2/2020,357.7000122
9/3/2020,345.3900146
9/4/2020,342.5700073
9/8/2020,333.2099915
9/9/2020,339.7900085
9/10/2020,333.8900146
9/11/2020,334.0599976
9/14/2020,338.4599915
9/15/2020,340.1700134
9/16/2020,338.8200073
9/17/2020,335.8399963
9/18/2020,330.6499939
9/21/2020,326.9700012
9/22/2020,330.2999878
9/23/2020,322.6400146
9/24/2020,323.5
9/25/2020,328.730011
9/28/2020,334.1900024
9/29/2020,332.3699951
9/30/2020,334.8900146
10/1/2020,337.0400085
10/2/2020,333.8399963
10/5/2020,339.7600098
10/6/2020,334.9299927
10/7/2020,340.7600098
10/8/2020,343.7799988
10/9/2020,346.8500061
10/12/2020,352.4299927
10/13/2020,350.1300049
10/14/2020,347.9299927
10/15/2020,347.5
10/16/2020,347.2900085
10/19/2020,342.0100098
10/20/2020,343.3800049
10/21/2020,342.730011
10/22/2020,344.6099854
10/23/2020,345.7799988
10/26/2020,339.3900146
10/27/2020,338.2200012
10/28/2020,326.6600037
10/29/2020,329.980011
10/30/2020,326.5400085
11/2/2020,330.2000122
11/3/2020,336.0299988
11/4/2020,343.5400085
11/5/2020,350.2399902
11/6/2020,350.1600037
11/9/2020,354.5599976
11/10/2020,354.0400085
11/11/2020,356.6700134
11/12/2020,353.2099915
11/13/2020,358.1000061
11/16/2020,362.5700073
11/17/2020,360.6199951
11/18/2020,356.2799988
11/19/2020,357.7799988
11/20/2020,355.3299866
11/23/2020,357.4599915
11/24/2020,363.2200012
11/25/2020,362.6600037
11/27/2020,363.6700134
11/30/2020,362.0599976
12/1/2020,366.019989
12/2/2020,366.7900085
12/3/2020,366.6900024
12/4/2020,369.8500061
12/7/2020,369.0899963
12/8/2020,370.1700134
12/9/2020,366.8500061
12/10/2020,366.730011
12/11/2020,366.2999878
12/14/2020,364.6600037
12/15/2020,369.5899963
12/16/2020,370.1700134
12/17/2020,372.2399902
12/18/2020,369.1799927
12/21/2020,367.8599854
12/22/2020,367.2399902
12/23/2020,367.5700073
12/24/2020,369
12/28/2020,372.1700134
12/29/2020,371.4599915
12/30/2020,371.9899902
12/31/2020,373.8800049
1/4/2021,368.7900085
1/5/2021,371.3299866
1/6/2021,373.5499878
1/7/2021,379.1000061
1/8/2021,381.2600098
1/11/2021,378.6900024
1/12/2021,378.769989
1/13/2021,379.7900085
1/14/2021,378.4599915
1/15/2021,375.7000122
1/19/2021,378.6499939
1/20/2021,383.8900146
1/21/2021,384.2399902
1/22/2021,382.8800049
1/25/2021,384.3900146
1/26/2021,383.7900085
1/27/2021,374.4100037
1/28/2021,377.6300049
1/29/2021,370.0700073
2/1/2021,376.230011
2/2/2021,381.5499878
2/3/2021,381.8500061
2/4/2021,386.1900024
2/5/2021,387.7099915
2/8/2021,390.5100098
2/9/2021,390.25
2/10/2021,390.0799866
2/11/2021,390.7099915
2/12/2021,392.6400146
2/16/2021,392.2999878
2/17/2021,392.3900146
2/18/2021,390.7200012
2/19/2021,390.0299988
2/22/2021,387.0299988
2/23/2021,387.5
2/24/2021,391.769989
2/25/2021,382.3299866
2/26/2021,380.3599854
3/1/2021,389.5799866
3/2/2021,386.5400085
3/3/2021,381.4200134
3/4/2021,376.7000122
3/5/2021,383.6300049
3/8/2021,381.7200012
3/9/2021,387.1700134
3/10/2021,389.5799866
3/11/2021,393.5299988
3/12/2021,394.0599976
3/15/2021,396.4100037
3/16/2021,395.9100037
3/17/2021,397.2600098
3/18/2021,391.480011
3/19/2021,389.480011
3/22/2021,392.5899963
3/23/2021,389.5
3/24/2021,387.519989
3/25/2021,389.7000122
3/26/2021,395.980011
3/29/2021,395.7799988
3/30/2021,394.730011
3/31/2021,396.3299866
4/1/2021,400.6099854
4/5/2021,406.3599854
4/6/2021,406.1199951
4/7/2021,406.5899963
4/8/2021,408.519989
4/9/2021,411.4899902
4/12/2021,411.6400146
4/13/2021,412.8599854
4/14/2021,411.4500122
4/15/2021,415.8699951
4/16/2021,417.2600098
4/19/2021,415.2099915
4/20/2021,412.1700134
4/21/2021,416.0700073
4/22/2021,412.269989
4/23/2021,416.7399902
4/26/2021,417.6099854
4/27/2021,417.519989
4/28/2021,417.3999939
4/29/2021,420.0599976
4/30/2021,417.2999878
5/3/2021,418.2000122
5/4/2021,415.6199951
5/5/2021,415.75
5/6/2021,419.0700073
5/7/2021,422.1199951
5/10/2021,417.9400024
5/11/2021,414.2099915
5/12/2021,405.4100037
5/13/2021,410.2799988
5/14/2021,416.5799866
5/17/2021,415.519989
5/18/2021,411.9400024
5/19/2021,410.8599854
5/20/2021,415.2799988
5/21/2021,414.9400024
5/24/2021,419.1700134
5/25/2021,418.2399902
5/26/2021,419.0700073
5/27/2021,419.2900085
5/28/2021,420.0400085
6/1/2021,419.6700134
6/2/2021,420.3299866
6/3/2021,418.769989
6/4/2021,422.6000061
6/7/2021,422.1900024
6/8/2021,422.2799988
6/9/2021,421.6499939
6/10/2021,423.6099854
6/11/2021,424.3099976
6/14/2021,425.2600098
6/15/2021,424.480011
6/16/2021,422.1099854
6/17/2021,421.9700012
6/18/2021,414.9200134
6/21/2021,420.8599854
6/22/2021,423.1099854
6/23/2021,422.6000061
6/24/2021,425.1000061
6/25/2021,426.6099854
6/28/2021,427.4700012
6/29/2021,427.7000122
6/30/2021,428.0599976
7/1/2021,430.4299927
7/2/2021,433.7200012
7/6/2021,432.9299927
7/7/2021,434.4599915
7/8/2021,430.9200134
7/9/2021,435.519989
7/12/2021,437.0799866
7/13/2021,435.5899963
7/14/2021,436.2399902
7/15/2021,434.75
7/16/2021,431.3399963
7/19/2021,424.9700012
7/20/2021,431.0599976
7/21/2021,434.5499878
7/22/2021,435.4599915
7/23/2021,439.9400024
7/26/2021,441.019989
7/27/2021,439.0100098
7/28/2021,438.8299866
7/29/2021,440.6499939
7/30/2021,438.5100098
8/2/2021,437.5899963
8/3/2021,441.1499939
8/4/2021,438.980011
8/5/2021,441.7600098
8/6/2021,442.4899902
8/9/2021,442.1300049
8/10/2021,442.6799927
8/11/2021,443.7799988
8/12/2021,445.1099854
8/13/2021,445.9200134
8/16/2021,446.9700012
8/17/2021,444.0400085
8/18/2021,439.1799927
8/19/2021,439.8599854
8/20/2021,443.3599854
8/23/2021,447.2600098
8/24/2021,447.9700012
8/25/2021,448.9100037
8/26/2021,446.2600098
8/27/2021,450.25
8/30/2021,452.230011
8/31/2021,451.5599976
9/1/2021,451.7999878
9/2/2021,453.1900024
9/3/2021,453.0799866
9/7/2021,451.4599915
9/8/2021,450.9100037
9/9/2021,448.980011
9/10/2021,445.4400024
9/13/2021,446.5799866
9/14/2021,444.1700134
9/15/2021,447.8800049
9/16/2021,447.1700134
9/17/2021,441.3999939
9/20/2021,434.0400085
9/21/2021,433.6300049
9/22/2021,437.8599854
9/23/2021,443.1799927
9/24/2021,443.9100037
9/27/2021,442.6400146
9/28/2021,433.7200012
9/29/2021,434.4500122
9/30/2021,429.1400146
10/1/2021,434.2399902
10/4/2021,428.6400146
10/5/2021,433.1000061
10/6/2021,434.8999939
10/7/2021,438.6600037
10/8/2021,437.8599854
10/11/2021,434.6900024
10/12/2021,433.6199951
10/13/2021,435.1799927
10/14/2021,442.5
10/15/2021,445.8699951
10/18/2021,447.1900024
10/19/2021,450.6400146
10/20/2021,452.4100037
10/21/2021,453.5899963
10/22/2021,453.1199951
10/25/2021,455.5499878
10/26/2021,455.9599915
10/27/2021,453.9400024
10/28/2021,458.3200073
10/29/2021,459.25
11/1/2021,460.0400085
11/2/2021,461.8999939
11/3/2021,464.7200012
11/4/2021,466.9100037
11/5/2021,468.5299988
11/8/2021,468.9299927
11/9/2021,467.3800049
11/10/2021,463.6199951
11/11/2021,463.769989
11/12/2021,467.269989
11/15/2021,467.4299927
11/16/2021,469.2799988
11/17/2021,468.1400146
11/18/2021,469.730011
11/19/2021,468.8900146
11/22/2021,467.5700073
11/23/2021,468.1900024
11/24/2021,469.4400024
11/26/2021,458.9700012
11/29/2021,464.6000061
11/30/2021,455.5599976
12/1/2021,450.5
12/2/2021,457.3999939
12/3/2021,453.4200134
12/6/2021,458.7900085
12/7/2021,468.2799988
12/8/2021,469.519989
12/9/2021,466.3500061
12/10/2021,470.7399902
12/13/2021,466.5700073
12/14/2021,463.3599854
12/15/2021,470.6000061
12/16/2021,466.4500122
12/17/2021,459.8699951
12/20/2021,454.980011
12/21/2021,463.0599976
12/22/2021,467.6900024
12/23/2021,470.6000061
12/27/2021,477.2600098
12/28/2021,476.8699951
12/29/2021,477.480011
12/30/2021,476.1600037
12/31/2021,474.9599915
1/3/2022,477.7099915
1/4/2022,477.5499878
1/5/2022,468.3800049
1/6/2022,467.9400024
1/7/2022,466.0899963
1/10/2022,465.5100098
1/11/2022,469.75
1/12/2022,471.019989
1/13/2022,464.5299988
1/14/2022,464.7200012
1/18/2022,456.4899902
1/19/2022,451.75
1/20/2022,446.75
1/21/2022,437.980011
1/24/2022,439.8399963
1/25/2022,434.4700012
1/26/2022,433.3800049
1/27/2022,431.2399902
1/28/2022,441.9500122
1/31/2022,449.9100037
2/1/2022,452.9500122
2/2/2022,457.3500061
2/3/2022,446.6000061
2/4/2022,448.7000122
2/7/2022,447.2600098
2/8/2022,450.9400024
2/9/2022,457.5400085
2/10/2022,449.3200073
2/11/2022,440.4599915
2/14/2022,439.019989
2/15/2022,446.1000061
2/16/2022,446.6000061
2/17/2022,437.0599976
2/18/2022,434.230011
2/22/2022,429.5700073
2/23/2022,421.9500122
2/24/2022,428.2999878
2/25/2022,437.75
2/28/2022,436.6300049
3/1/2022,429.980011
3/2/2022,437.8900146
3/3/2022,435.7099915
3/4/2022,432.1700134
3/7/2022,419.4299927
3/8/2022,416.25
3/9/2022,427.4100037
3/10/2022,425.480011
3/11/2022,420.0700073
3/14/2022,417
3/15/2022,426.1700134
3/16/2022,435.6199951
3/17/2022,441.0700073
3/18/2022,444.519989
3/21/2022,444.3900146
3/22/2022,449.5899963
3/23/2022,443.7999878
3/24/2022,450.4899902
3/25/2022,452.6900024
3/28/2022,455.9100037
3/29/2022,461.5499878
3/30/2022,458.7000122
3/31/2022,451.6400146
4/1/2022,452.9200134
4/4/2022,456.7999878
4/5/2022,451.0299988
4/6/2022,446.519989
4/7/2022,448.769989
4/8/2022,447.5700073
4/11/2022,439.9200134
4/12/2022,438.2900085
4/13/2022,443.3099976
4/14/2022,437.7900085
4/18/2022,437.9700012
4/19/2022,445.0400085
4/20/2022,444.7099915
4/21/2022,438.0599976
4/22/2022,426.0400085
4/25/2022,428.5100098
4/26/2022,416.1000061
4/27/2022,417.269989
4/28/2022,427.8099976
4/29/2022,412
5/2/2022,414.480011
5/3/2022,416.3800049
5/4/2022,429.0599976
5/5/2022,413.8099976
5/6/2022,411.3399963
5/9/2022,398.1700134
5/10/2022,399.0899963
5/11/2022,392.75
5/12/2022,392.3399963
5/13/2022,401.7200012
5/16/2022,400.0899963
5/17/2022,408.3200073
5/18/2022,391.8599854
5/19/2022,389.4599915
5/20/2022,389.6300049
5/23/2022,396.9200134
5/24/2022,393.8900146
5/25/2022,397.3699951
5/26/2022,405.3099976
5/27/2022,415.2600098
5/31/2022,412.9299927
6/1/2022,409.5899963
6/2/2022,417.3900146
6/3/2022,410.5400085
6/6/2022,411.7900085
6/7/2022,415.7399902
6/8/2022,411.2200012
6/9/2022,401.4400024
6/10/2022,389.7999878
6/13/2022,375
6/14/2022,373.8699951
6/15/2022,379.2000122
6/16/2022,366.6499939
6/17/2022,365.8599854
6/21/2022,375.0700073
6/22/2022,374.3900146
6/23/2022,378.0599976
6/24/2022,390.0799866
6/27/2022,388.5899963
6/28/2022,380.6499939
6/29/2022,380.3399963
6/30/2022,377.25
7/1/2022,381.2399902
7/5/2022,381.9599915
7/6/2022,383.25
7/7/2022,388.9899902
7/8/2022,388.6700134
7/11/2022,384.230011
7/12/2022,380.8299866
7/13/2022,378.8299866
7/14/2022,377.9100037
7/15/2022,385.1300049
7/18/2022,381.9500122
7/19/2022,392.269989
7/20/2022,394.769989
7/21/2022,398.7900085
7/22/2022,395.0899963
7/25/2022,395.5700073
7/26/2022,390.8900146
7/27/2022,401.0400085
7/28/2022,406.0700073
7/29/2022,411.9899902
8/1/2022,410.769989
8/2/2022,408.0599976
8/3/2022,414.4500122
8/4/2022,414.1700134
8/5/2022,413.4700012
8/8/2022,412.9899902
8/9/2022,411.3500061
8/10/2022,419.9899902
8/11/2022,419.9899902
8/12/2022,427.1000061
8/15/2022,428.8599854
8/16/2022,429.7000122
8/17/2022,426.6499939
8/18/2022,427.8900146
8/19/2022,422.1400146
8/22/2022,413.3500061
8/23/2022,412.3500061
8/24/2022,413.6700134
8/25/2022,419.5100098
8/26/2022,405.3099976
8/29/2022,402.6300049
8/30/2022,398.2099915
8/31/2022,395.1799927
9/1/2022,396.4200134
9/2/2022,392.2399902
9/6/2022,390.7600098
9/7/2022,397.7799988
9/8/2022,400.3800049
9/9/2022,406.6000061
9/12/2022,410.9700012
9/13/2022,393.1000061
9/14/2022,394.6000061
9/15/2022,390.1199951
9/16/2022,385.5599976
9/19/2022,388.5499878
9/20/2022,384.0899963
9/21/2022,377.3900146
9/22/2022,374.2200012
9/23/2022,367.9500122
9/26/2022,364.3099976
9/27/2022,363.3800049
9/28/2022,370.5299988
9/29/2022,362.7900085
9/30/2022,357.1799927
10/3/2022,366.6099854
10/4/2022,377.9700012
10/5/2022,377.0899963
10/6/2022,373.2000122
10/7/2022,362.7900085
10/10/2022,360.019989
10/11/2022,357.7399902
10/12/2022,356.5599976
10/13/2022,365.9700012
10/14/2022,357.6300049
10/17/2022,366.8200073
10/18/2022,371.1300049
10/19/2022,368.5
10/20/2022,365.4100037
10/21/2022,374.2900085
10/24/2022,378.8699951
10/25/2022,384.9200134
10/26/2022,382.019989
10/27/2022,379.980011
10/28/2022,389.019989
10/31/2022,386.2099915
11/1/2022,384.519989
11/2/2022,374.8699951
11/3/2022,371.0100098
11/4/2022,376.3500061
11/7/2022,379.9500122
11/8/2022,382
11/9/2022,374.1300049
11/10/2022,394.6900024
11/11/2022,398.5100098
11/14/2022,395.1199951
11/15/2022,398.4899902
11/16/2022,395.4500122
11/17/2022,394.2399902
11/18/2022,396.0299988
11/21/2022,394.5899963
11/22/2022,399.8999939
11/23/2022,402.4200134
11/25/2022,402.3299866
11/28/2022,395.9100037
11/29/2022,395.230011
11/30/2022,407.6799927
12/1/2022,407.3800049
12/2/2022,406.9100037
12/5/2022,399.5899963
12/6/2022,393.8299866
12/7/2022,393.1600037
12/8/2022,396.2399902
12/9/2022,393.2799988
12/12/2022,398.9500122
12/13/2022,401.9700012
12/14/2022,399.3999939
12/15/2022,389.6300049
12/16/2022,383.269989
12/19/2022,380.019989
12/20/2022,380.5400085
12/21/2022,386.230011
12/22/2022,380.7200012
12/23/2022,382.9100037
12/27/2022,381.3999939
12/28/2022,376.6600037
12/29/2022,383.4400024
12/30/2022,382.4299927
